SESSION_ID,MATRIX_ID,ROW_ID,REMAININGAVAILABLEMARGIN
20181001,1,33167,970
20181001,1,33176,1216
20181001,1,33385,286
20181001,1,33432,874
20181001,1,33438,890
20181001,1,33467,868
20181001,1,33474,924
20181001,1,33543,868
20181001,1,33620,693
20181001,1,33893,868
20181001,1,33913,874
20181001,1,33967,970
20181001,1,33990,419
20181001,1,34119,860
20181001,1,34332,874
20181001,1,34371,427
20181001,1,34438,866
20181001,1,34595,321
20181001,1,34669,970
20181001,1,34742,427
20181001,1,34759,422
20181001,1,34786,430
20181001,1,34886,1342
20181001,1,34909,419
20181001,1,34940,798
20181001,1,34960,1696
20181001,1,35078,430
20181001,1,35108,321
20181001,1,35122,874
20181001,1,35213,321
20181001,1,35240,427
20181001,1,35320,866
20181001,1,35424,419
20181001,1,35498,427
20181001,1,35611,321
20181001,1,35640,419
20181001,1,35649,286
20181001,1,35718,427
20181001,1,35721,970
20181001,1,35756,1709
20181001,1,36014,430
20181001,1,36107,1021
20181001,1,36125,286
20181001,1,36265,427
20181001,1,36394,874
20181001,1,36420,874
20181001,1,36486,419
20181001,1,36512,422
20181001,1,36645,419
20181001,1,36694,970
20181001,1,36718,427
20181001,1,36735,427
20181001,1,36780,430
20181001,1,36823,286
20181001,1,36866,868
20181001,1,37063,286
20181001,1,37131,419
20181001,1,37381,874
20181001,1,37433,430
20181001,1,37578,924
20181001,1,37797,419
20181001,1,37886,427
20181001,1,38006,419
20181001,1,38069,860
20181001,1,38104,419
20181001,1,38145,344
20181001,1,38200,419
20181001,1,38391,852
20181001,1,38423,5500
20181001,1,38444,286
20181001,1,38589,422
20181001,1,38661,427
20181001,1,38685,868
20181001,1,38698,970
20181001,1,38700,419
20181001,1,38842,419
20181001,1,38863,874
20181001,1,38977,427
20181001,1,38992,427
20181001,1,39030,344
20181001,1,39035,427
20181001,1,39040,419
20181001,1,39155,874
20181001,1,39199,427
20181001,1,39209,427
20181001,1,39354,427
20181001,1,39532,321
20181001,1,39606,868
20181001,1,39632,860
20181001,1,39683,1061
20181001,1,39787,1479
20181001,1,39817,5000
20181001,1,39840,775
20181001,1,39893,419
20181001,1,39906,970
20181001,1,40000,427
20181001,1,40091,286
20181001,1,40154,419
20181001,1,40292,970
20181001,1,40426,392
20181001,1,40570,419
20181001,1,40602,499
20181001,1,40826,427
20181001,1,41050,286
20181001,1,41075,868
20181001,1,41078,874
20181001,1,41108,868
20181001,1,41280,860
20181001,1,41326,430
20181001,1,41343,286
20181001,1,41352,321
20181001,2,116368,277
20181001,2,116529,5000
20181001,2,116595,419
20181001,2,116694,1007
20181001,2,116889,294
20181001,2,116956,419
20181001,2,116960,419
20181001,2,117051,278
20181001,2,117056,278
20181001,2,117064,294
20181001,2,117147,419
20181001,2,117201,944
20181001,2,117239,944
20181001,2,117246,419
20181001,2,117491,277
20181001,2,117686,422
20181001,2,117807,419
20181001,2,118071,419
20181001,2,118187,335
20181001,2,118233,277
20181001,2,118290,419
20181001,2,118319,838
20181001,2,118371,419
20181001,2,118509,868
20181001,2,118525,419
20181001,2,118659,419
20181001,2,118675,277
20181001,2,118703,422
20181001,2,118717,419
20181001,2,118854,868
20181001,2,118954,944
20181001,2,119087,944
20181001,2,119106,1626
20181001,2,119152,277
20181001,2,119258,335
20181001,2,119277,1437
20181001,2,119483,1291
20181001,2,119547,655
20181001,2,119603,391
20181001,2,119627,419
20181001,2,119697,748
20181001,2,119917,294
20181001,2,120051,838
20181001,2,120062,321
20181001,2,120080,944
20181001,2,120200,1599
20181001,2,120219,278
20181001,2,120230,1077
20181001,2,120363,838
20181001,2,120364,866
20181001,2,120538,866
20181001,2,120666,278
20181001,2,120685,278
20181001,2,120756,277
20181001,2,120762,737
20181001,2,120765,838
20181001,2,120862,422
20181001,2,120968,944
20181001,2,121059,838
20181001,2,121090,321
20181001,2,121137,868
20181001,2,121181,944
20181001,2,121283,419
20181001,2,121344,5500
20181001,2,121686,277
20181001,2,121835,419
20181001,2,121847,874
20181001,2,121976,419
20181001,2,122000,422
20181001,2,122111,419
20181001,2,122169,860
20181001,2,122180,860
20181001,2,122183,868
20181001,2,122344,419
20181001,2,122381,860
20181001,2,122419,944
20181001,2,122534,874
20181001,2,122551,419
20181001,2,122665,419
20181001,2,122723,419
20181001,2,122752,1513
20181001,2,122759,419
20181001,2,122853,422
20181001,2,122865,868
20181001,2,122908,278
20181001,2,122920,364
20181001,2,122947,496
20181001,2,122989,419
20181001,2,123011,860
20181001,2,123055,278
20181001,2,123121,944
20181001,2,123211,419
20181001,2,123255,422
20181001,2,123284,868
20181001,2,123323,874
20181001,2,123347,1030
20181001,2,123367,874
20181001,2,123429,425
20181001,2,123503,278
20181001,2,123510,278
20181001,2,123518,868
20181001,2,123637,419
20181001,2,123674,278
20181001,2,123748,868
20181001,2,123862,874
20181001,2,123889,278
20181001,2,123923,419
20181001,2,123972,419
20181001,2,124033,419
20181001,2,124088,277
20181001,2,124229,321
20181001,2,124246,904
20181001,2,124337,874
20181001,2,124577,1022
20181001,2,124590,874
20181001,2,124732,860
20181001,3,58,860
20181001,3,210,1719
20181001,3,412,868
20181001,3,465,868
20181001,3,522,387
20181001,3,618,430
20181001,3,672,419
20181001,3,713,1254
20181001,3,780,914
20181001,3,801,419
20181001,3,833,868
20181001,3,884,419
20181001,3,890,968
20181001,3,921,961
20181001,3,947,294
20181001,3,953,419
20181001,3,961,425
20181001,3,1053,961
20181001,3,1082,345
20181001,3,1156,868
20181001,3,1233,419
20181001,3,1237,419
20181001,3,1305,712
20181001,3,1341,430
20181001,3,1454,961
20181001,3,1686,868
20181001,3,1696,345
20181001,3,1783,419
20181001,3,1815,419
20181001,3,1893,961
20181001,3,1932,419
20181001,3,1957,419
20181001,3,2057,419
20181001,3,2362,550
20181001,3,2459,294
20181001,3,2495,250
20181001,3,2627,961
20181001,3,2946,345
20181001,3,2954,419
20181001,3,2998,419
20181001,3,3097,1061
20181001,3,3131,550
20181001,3,3142,860
20181001,3,3179,1178
20181001,3,3306,874
20181001,3,3349,1383
20181001,3,3374,250
20181001,3,3506,425
20181001,3,3516,419
20181001,3,3547,294
20181001,3,3564,345
20181001,3,3630,345
20181001,3,3856,419
20181001,3,3872,419
20181001,3,3935,430
20181001,3,3943,419
20181001,3,4079,1356
20181001,3,4178,419
20181001,3,4228,250
20181001,3,4401,874
20181001,3,4509,550
20181001,3,4641,294
20181001,3,4651,250
20181001,3,4807,419
20181001,3,4819,874
20181001,3,4831,321
20181001,3,4894,419
20181001,3,5024,321
20181001,3,5070,419
20181001,3,5194,419
20181001,3,5330,550
20181001,3,5341,874
20181001,3,5391,773
20181001,3,5395,335
20181001,3,5471,874
20181001,3,5603,868
20181001,3,5671,321
20181001,3,5716,866
20181001,3,5780,419
20181001,3,5790,961
20181001,3,5800,550
20181001,3,5839,345
20181001,3,5865,419
20181001,3,5981,355
20181001,3,6093,345
20181001,3,6094,874
20181001,3,6141,294
20181001,3,6198,961
20181001,3,6261,1366
20181001,3,6373,294
20181001,3,6381,5000
20181001,3,6432,335
20181001,3,6458,419
20181001,3,6754,961
20181001,3,6756,860
20181001,3,6825,250
20181001,3,6853,493
20181001,3,6862,419
20181001,3,6885,294
20181001,3,6963,860
20181001,3,7049,294
20181001,3,7059,321
20181001,3,7120,961
20181001,3,7129,294
20181001,3,7181,868
20181001,3,7225,866
20181001,3,7293,1654
20181001,3,7437,5500
20181001,3,7484,550
20181001,3,7544,874
20181001,3,7629,419
20181001,3,7677,250
20181001,3,7805,868
20181001,3,7885,419
20181001,3,7967,321
20181001,3,8135,366
20181001,3,8230,874
20181001,3,8317,321
20181001,3,8349,550
20181001,3,8366,345
20181001,3,8369,419
20181001,3,8389,419
20181001,4,16693,422
20181001,4,16702,422
20181001,4,16732,422
20181001,4,16739,425
20181001,4,16775,874
20181001,4,16817,940
20181001,4,16890,335
20181001,4,17020,866
20181001,4,17110,874
20181001,4,17168,550
20181001,4,17221,860
20181001,4,17246,422
20181001,4,17280,430
20181001,4,17332,874
20181001,4,17385,940
20181001,4,17406,422
20181001,4,17459,940
20181001,4,17478,422
20181001,4,17501,550
20181001,4,17515,422
20181001,4,17602,425
20181001,4,17605,430
20181001,4,17652,251
20181001,4,17771,1723
20181001,4,17912,251
20181001,4,17955,868
20181001,4,18135,251
20181001,4,18156,422
20181001,4,18337,940
20181001,4,18492,422
20181001,4,18497,422
20181001,4,18529,1309
20181001,4,18579,422
20181001,4,18587,550
20181001,4,18806,961
20181001,4,18991,422
20181001,4,19060,388
20181001,4,19114,874
20181001,4,19119,1365
20181001,4,19135,422
20181001,4,19208,294
20181001,4,19501,422
20181001,4,19544,422
20181001,4,19546,422
20181001,4,19945,961
20181001,4,20007,868
20181001,4,20026,868
20181001,4,20150,422
20181001,4,20365,422
20181001,4,20430,860
20181001,4,20431,550
20181001,4,20442,868
20181001,4,20446,422
20181001,4,20502,425
20181001,4,20712,966
20181001,4,20782,367
20181001,4,20835,503
20181001,4,20921,422
20181001,4,20981,367
20181001,4,20996,422
20181001,4,21003,860
20181001,4,21094,422
20181001,4,21108,367
20181001,4,21149,874
20181001,4,21213,868
20181001,4,21227,367
20181001,4,21327,425
20181001,4,21383,367
20181001,4,21397,422
20181001,4,21399,251
20181001,4,21807,422
20181001,4,21814,5000
20181001,4,21869,860
20181001,4,21955,910
20181001,4,21981,425
20181001,4,22091,1171
20181001,4,22128,550
20181001,4,22132,425
20181001,4,22145,422
20181001,4,22237,430
20181001,4,22350,367
20181001,4,22365,868
20181001,4,22381,550
20181001,4,22414,355
20181001,4,22432,874
20181001,4,22469,550
20181001,4,22473,367
20181001,4,22542,1655
20181001,4,22587,422
20181001,4,22637,940
20181001,4,22647,422
20181001,4,22734,251
20181001,4,22789,874
20181001,4,22840,251
20181001,4,22879,422
20181001,4,22972,422
20181001,4,22999,367
20181001,4,23017,940
20181001,4,23022,868
20181001,4,23032,367
20181001,4,23064,1082
20181001,4,23096,294
20181001,4,23239,335
20181001,4,23284,367
20181001,4,23298,422
20181001,4,23306,367
20181001,4,23426,866
20181001,4,23433,874
20181001,4,23509,961
20181001,4,23701,700
20181001,4,23730,422
20181001,4,23918,430
20181001,4,23971,367
20181001,4,24025,5500
20181001,4,24059,868
20181001,4,24101,710
20181001,4,24115,367
20181001,4,24310,422
20181001,4,24503,1371
20181001,4,24757,940
20181001,4,24765,422
20181002,1,102212,584
20181002,1,102215,421
20181002,1,102286,856
20181002,1,102311,886
20181002,1,102399,391
20181002,1,102425,338
20181002,1,102442,856
20181002,1,102486,886
20181002,1,102616,336
20181002,1,102666,416
20181002,1,102682,433
20181002,1,102784,860
20181002,1,102846,309
20181002,1,102907,391
20181002,1,102911,454
20181002,1,102972,304
20181002,1,102988,454
20181002,1,103102,421
20181002,1,103147,856
20181002,1,103170,860
20181002,1,103188,319
20181002,1,103192,421
20181002,1,103193,391
20181002,1,103264,391
20181002,1,103317,775
20181002,1,103392,886
20181002,1,103441,311
20181002,1,103480,391
20181002,1,103502,322
20181002,1,103602,691
20181002,1,103629,1033
20181002,1,103653,339
20181002,1,103674,775
20181002,1,103772,336
20181002,1,103775,847
20181002,1,103807,775
20181002,1,103946,336
20181002,1,104020,454
20181002,1,104034,860
20181002,1,104050,454
20181002,1,104104,329
20181002,1,104145,454
20181002,1,104161,435
20181002,1,104191,856
20181002,1,104204,280
20181002,1,104220,856
20181002,1,104345,421
20181002,1,104408,775
20181002,1,104434,886
20181002,1,104497,416
20181002,1,104515,775
20181002,1,104523,435
20181002,1,104556,856
20181002,1,104708,856
20181002,1,104709,369
20181002,1,104718,1781
20181002,1,104728,322
20181002,1,104729,775
20181002,1,104744,322
20181002,1,104757,856
20181002,1,104815,860
20181002,1,104838,339
20181002,1,104996,775
20181002,1,105016,280
20181002,1,105026,860
20181002,1,105030,391
20181002,1,105055,775
20181002,1,105112,307
20181002,1,105115,391
20181002,1,105183,307
20181002,1,105248,860
20181002,1,105460,860
20181002,1,105485,421
20181002,1,105645,421
20181002,1,105780,280
20181002,1,105872,860
20181002,1,105928,454
20181002,1,106007,410
20181002,1,106127,336
20181002,1,106204,860
20181002,1,106218,856
20181002,1,106231,860
20181002,1,106235,822
20181002,1,106247,856
20181002,1,106253,421
20181002,1,106284,856
20181002,1,106304,886
20181002,1,106498,336
20181002,1,106540,886
20181002,1,106565,886
20181002,1,106631,629
20181002,1,106653,322
20181002,1,106770,856
20181002,1,106824,856
20181002,1,106857,416
20181002,1,106925,1382
20181002,1,106935,391
20181002,1,107097,886
20181002,1,107209,280
20181002,1,107222,596
20181002,1,107250,410
20181002,1,107296,416
20181002,1,107356,410
20181002,1,107357,886
20181002,1,107553,329
20181002,1,107556,391
20181002,1,107585,856
20181002,1,107628,391
20181002,1,107639,775
20181002,1,107673,329
20181002,1,107677,856
20181002,1,107708,454
20181002,1,107727,421
20181002,1,107806,454
20181002,1,107871,554
20181002,1,107991,343
20181002,1,108015,339
20181002,1,108053,775
20181002,1,108067,886
20181002,1,108094,391
20181002,1,108129,886
20181002,1,108141,856
20181002,1,108171,339
20181002,1,108272,442
20181002,1,108344,416
20181002,1,108384,886
20181002,1,108520,860
20181002,1,108615,280
20181002,1,108643,473
20181002,1,108694,1909
20181002,1,108775,775
20181002,1,108794,339
20181002,1,108839,856
20181002,1,108903,775
20181002,1,108950,775
20181002,1,108990,421
20181002,1,109003,280
20181002,1,109034,775
20181002,1,109103,339
20181002,1,109262,860
20181002,1,109300,861
20181002,1,109331,416
20181002,1,109343,421
20181002,1,109367,307
20181002,1,109421,860
20181002,1,109437,856
20181002,1,109471,416
20181002,1,109496,775
20181002,1,109653,433
20181002,1,109654,775
20181002,1,109679,421
20181002,1,109727,860
20181002,1,109754,860
20181002,1,109828,856
20181002,1,109977,391
20181002,1,109994,304
20181002,1,110015,860
20181002,1,110086,435
20181002,1,110150,339
20181002,1,110160,342
20181002,1,110165,1741
20181002,1,110289,856
20181002,1,110521,856
20181002,1,110625,856
20181002,1,110636,322
20181002,1,110690,391
20181002,1,110807,454
20181002,1,110822,322
20181002,1,110835,421
20181002,1,110899,886
20181002,1,110935,419
20181002,1,111168,433
20181002,1,111215,856
20181002,1,111236,435
20181002,1,111319,775
20181002,1,111417,329
20181002,1,111463,416
20181002,1,111467,454
20181002,1,111569,391
20181002,1,111690,391
20181002,1,111755,338
20181002,1,111767,336
20181002,1,111812,339
20181002,1,111821,391
20181002,1,111934,853
20181002,1,112031,775
20181002,1,112071,860
20181002,1,112101,775
20181002,1,112334,856
20181002,1,112340,339
20181002,1,112369,391
20181002,1,112431,856
20181002,1,112704,339
20181002,1,112724,391
20181002,1,112806,775
20181002,1,112989,856
20181002,1,113073,421
20181002,1,113344,391
20181002,1,113366,775
20181002,1,113387,410
20181002,1,113389,339
20181002,1,113416,322
20181002,1,113497,856
20181002,1,113541,342
20181002,1,113635,410
20181002,2,232209,936
20181002,2,232218,408
20181002,2,232252,841
20181002,2,232271,454
20181002,2,232427,320
20181002,2,232486,841
20181002,2,232488,860
20181002,2,232525,886
20181002,2,232547,320
20181002,2,232571,423
20181002,2,232604,467
20181002,2,232670,886
20181002,2,232692,291
20181002,2,232719,420
20181002,2,232774,467
20181002,2,232780,936
20181002,2,232958,318
20181002,2,233007,338
20181002,2,233035,921
20181002,2,233082,936
20181002,2,233089,303
20181002,2,233119,318
20181002,2,233167,860
20181002,2,233258,467
20181002,2,233446,339
20181002,2,233712,886
20181002,2,233839,418
20181002,2,233855,454
20181002,2,233862,296
20181002,2,233936,841
20181002,2,234009,318
20181002,2,234088,304
20181002,2,234176,291
20181002,2,234187,886
20181002,2,234201,408
20181002,2,234227,936
20181002,2,234245,454
20181002,2,234362,367
20181002,2,234403,841
20181002,2,234536,367
20181002,2,234725,367
20181002,2,234731,416
20181002,2,234907,339
20181002,2,234927,291
20181002,2,234975,724
20181002,2,234990,860
20181002,2,235042,860
20181002,2,235091,454
20181002,2,235106,280
20181002,2,235179,367
20181002,2,235191,841
20181002,2,235192,454
20181002,2,235235,841
20181002,2,235254,860
20181002,2,235258,296
20181002,2,235261,320
20181002,2,235270,467
20181002,2,235273,936
20181002,2,235324,280
20181002,2,235426,660
20181002,2,235490,320
20181002,2,235517,435
20181002,2,235541,291
20181002,2,235558,853
20181002,2,235577,454
20181002,2,235629,319
20181002,2,236069,860
20181002,2,236145,936
20181002,2,236168,303
20181002,2,236205,408
20181002,2,236243,367
20181002,2,236313,367
20181002,2,236389,554
20181002,2,236394,367
20181002,2,236435,408
20181002,2,236437,319
20181002,2,236484,860
20181002,2,236499,860
20181002,2,236544,886
20181002,2,236556,467
20181002,2,236582,304
20181002,2,236603,367
20181002,2,236685,320
20181002,2,236691,418
20181002,2,236902,338
20181002,2,236906,1917
20181002,2,237029,367
20181002,2,237058,319
20181002,2,237147,860
20181002,2,237200,936
20181002,2,237289,467
20181002,2,237316,367
20181002,2,237391,886
20181002,2,237437,454
20181002,2,237460,320
20181002,2,237569,322
20181002,2,237608,291
20181002,2,237633,860
20181002,2,237634,336
20181002,2,237661,841
20181002,2,237696,408
20181002,2,237905,886
20181002,2,237922,467
20181002,2,237939,291
20181002,2,237946,936
20181002,2,238145,841
20181002,2,238204,936
20181002,2,238237,847
20181002,2,238260,435
20181002,2,238291,319
20181002,2,238355,303
20181002,2,238383,1738
20181002,2,238384,318
20181002,2,238442,339
20181002,2,238597,303
20181002,2,238715,467
20181002,2,238733,1109
20181002,2,238804,841
20181002,2,238806,841
20181002,2,238820,291
20181002,2,238848,454
20181002,2,238873,936
20181002,2,238898,339
20181002,2,238980,303
20181002,2,239030,408
20181002,2,239132,408
20181002,2,239191,291
20181002,2,239228,408
20181002,2,239242,319
20181002,2,239255,790
20181002,2,239296,886
20181002,2,239377,317
20181002,2,239403,303
20181002,2,239468,291
20181002,2,239488,886
20181002,2,239558,454
20181002,2,239665,339
20181002,2,239707,801
20181002,2,239736,303
20181002,2,239904,841
20181002,2,239929,886
20181002,2,239997,280
20181002,2,240150,296
20181002,2,240201,339
20181002,2,240480,419
20181002,2,240527,886
20181002,2,240537,276
20181002,2,240552,886
20181002,2,240588,860
20181002,2,240639,339
20181002,2,240673,339
20181002,2,240700,886
20181002,2,240856,416
20181002,2,240908,1688
20181002,2,241003,276
20181002,2,241098,454
20181002,2,241172,501
20181002,2,241200,408
20181002,2,241259,280
20181002,2,241299,886
20181002,2,241342,454
20181002,2,241354,467
20181002,2,241458,886
20181002,2,241531,841
20181002,2,241546,886
20181002,2,241736,886
20181002,2,241741,454
20181002,2,241869,860
20181002,2,241959,467
20181002,2,242086,339
20181002,2,242209,886
20181002,2,242301,886
20181002,2,242350,467
20181002,2,242352,841
20181002,2,242466,291
20181002,2,242520,886
20181002,2,242626,280
20181002,2,242641,276
20181002,2,242688,886
20181002,2,242782,1377
20181002,2,242844,418
20181002,2,242860,886
20181002,2,242928,886
20181002,2,242940,418
20181002,2,243039,860
20181002,2,243049,303
20181002,2,243073,860
20181002,2,243074,886
20181002,2,243154,886
20181002,2,243194,336
20181002,2,243229,309
20181002,2,243410,303
20181002,2,243449,886
20181002,2,243480,291
20181002,2,243716,936
20181002,2,243771,467
20181002,2,243849,454
20181002,2,244041,936
20181002,2,244147,370
20181002,2,244152,860
20181002,2,244194,418
20181002,2,244210,418
20181002,3,82739,303
20181002,3,82775,303
20181002,3,82810,395
20181002,3,82813,550
20181002,3,82814,860
20181002,3,82846,548
20181002,3,82875,829
20181002,3,82940,418
20181002,3,82944,960
20181002,3,82976,550
20181002,3,83009,276
20181002,3,83160,303
20181002,3,83171,829
20181002,3,83183,860
20181002,3,83196,550
20181002,3,83216,320
20181002,3,83282,339
20181002,3,83353,322
20181002,3,83356,416
20181002,3,83394,291
20181002,3,83426,454
20181002,3,83470,297
20181002,3,83629,548
20181002,3,83755,276
20181002,3,83858,550
20181002,3,83951,442
20181002,3,83996,550
20181002,3,84064,331
20181002,3,84086,550
20181002,3,84110,550
20181002,3,84123,297
20181002,3,84149,556
20181002,3,84164,291
20181002,3,84202,960
20181002,3,84238,1615
20181002,3,84457,548
20181002,3,84463,547
20181002,3,84471,548
20181002,3,84476,329
20181002,3,84518,395
20181002,3,84575,550
20181002,3,84587,548
20181002,3,84599,291
20181002,3,84638,395
20181002,3,84739,548
20181002,3,84764,369
20181002,3,84950,395
20181002,3,84988,339
20181002,3,85071,329
20181002,3,85123,418
20181002,3,85280,339
20181002,3,85294,960
20181002,3,85300,844
20181002,3,85388,395
20181002,3,85410,454
20181002,3,85415,1619
20181002,3,85463,395
20181002,3,85514,276
20181002,3,85546,339
20181002,3,85580,550
20181002,3,85704,322
20181002,3,85816,829
20181002,3,85852,322
20181002,3,85884,548
20181002,3,85935,322
20181002,3,85967,312
20181002,3,85975,550
20181002,3,86070,555
20181002,3,86166,303
20181002,3,86189,860
20181002,3,86197,829
20181002,3,86204,576
20181002,3,86215,395
20181002,3,86310,339
20181002,3,86393,320
20181002,3,86612,829
20181002,3,86615,860
20181002,3,86639,338
20181002,3,86714,339
20181002,3,86716,960
20181002,3,86754,829
20181002,3,86792,418
20181002,3,86811,549
20181002,3,86979,395
20181002,3,86986,749
20181002,3,87032,549
20181002,3,87045,556
20181002,3,87076,829
20181002,3,87090,303
20181002,3,87252,395
20181002,3,87262,339
20181002,3,87342,549
20181002,3,87362,547
20181002,3,87432,1333
20181002,3,87436,548
20181002,3,87443,556
20181002,3,87447,320
20181002,3,87454,960
20181002,3,87549,548
20181002,3,87662,960
20181002,3,87750,860
20181002,3,87760,960
20181002,3,87809,829
20181002,3,87867,548
20181002,3,87941,556
20181002,3,87967,713
20181002,3,88000,548
20181002,3,88090,960
20181002,3,88141,556
20181002,3,88144,548
20181002,3,88178,550
20181002,3,88192,418
20181002,3,88203,547
20181002,3,88204,303
20181002,3,88220,303
20181002,3,88256,960
20181002,3,88269,454
20181002,3,88362,548
20181002,3,88453,338
20181002,3,88463,1808
20181002,3,88550,303
20181002,3,88576,829
20181002,3,88598,555
20181002,3,88707,550
20181002,3,88750,303
20181002,3,88779,291
20181002,3,88833,860
20181002,3,88952,960
20181002,3,88978,303
20181002,3,89000,548
20181002,3,89049,395
20181002,3,89167,524
20181002,3,89262,829
20181002,3,89347,395
20181002,3,89396,395
20181002,3,89447,339
20181002,3,89513,556
20181002,3,89594,860
20181002,3,89694,296
20181002,3,89725,556
20181002,3,89956,1014
20181002,3,90161,324
20181002,3,90171,322
20181002,3,90183,556
20181002,3,90361,454
20181002,3,90374,418
20181002,3,90446,395
20181002,3,90452,418
20181002,3,90489,556
20181002,3,90527,548
20181002,3,90532,338
20181002,3,90543,320
20181002,3,90565,329
20181002,3,90567,548
20181002,3,90596,958
20181002,3,90665,454
20181002,3,90722,395
20181002,3,90759,550
20181002,3,90825,550
20181002,3,90827,550
20181002,3,90861,418
20181002,3,90865,395
20181002,3,90871,860
20181002,3,90900,338
20181002,3,90974,291
20181002,3,91012,296
20181002,3,91030,454
20181002,3,91124,550
20181002,3,91321,549
20181002,3,91349,829
20181002,3,91379,303
20181002,3,91457,435
20181002,3,91517,865
20181002,3,91571,547
20181002,3,91585,322
20181002,3,91619,549
20181002,3,91643,556
20181002,3,91657,548
20181002,3,91674,320
20181002,3,91680,395
20181002,3,91842,329
20181002,3,91873,454
20181002,3,91881,829
20181002,3,91955,322
20181002,3,92006,322
20181002,3,92034,555
20181002,3,92200,550
20181002,3,92219,303
20181002,3,92241,329
20181002,3,92308,322
20181002,4,271288,548
20181002,4,271304,416
20181002,4,271313,296
20181002,4,271382,857
20181002,4,271465,431
20181002,4,271524,404
20181002,4,271588,856
20181002,4,271666,357
20181002,4,271679,418
20181002,4,271700,414
20181002,4,271747,440
20181002,4,271780,305
20181002,4,271781,550
20181002,4,271821,404
20181002,4,271826,548
20181002,4,271971,547
20181002,4,272046,962
20181002,4,272060,857
20181002,4,272075,548
20181002,4,272119,555
20181002,4,272294,435
20181002,4,272304,354
20181002,4,272324,418
20181002,4,272379,857
20181002,4,272402,440
20181002,4,272603,857
20181002,4,272624,469
20181002,4,272658,549
20181002,4,272660,416
20181002,4,272676,421
20181002,4,272773,365
20181002,4,272810,548
20181002,4,273052,404
20181002,4,273080,548
20181002,4,273103,438
20181002,4,273107,556
20181002,4,273136,435
20181002,4,273168,547
20181002,4,273196,549
20181002,4,273210,705
20181002,4,273315,857
20181002,4,273341,548
20181002,4,273421,296
20181002,4,273527,421
20181002,4,273553,440
20181002,4,273564,857
20181002,4,273664,421
20181002,4,273667,586
20181002,4,273675,820
20181002,4,273679,404
20181002,4,273684,548
20181002,4,273777,857
20181002,4,273799,320
20181002,4,273903,354
20181002,4,273948,440
20181002,4,274029,469
20181002,4,274050,820
20181002,4,274158,354
20181002,4,274220,469
20181002,4,274349,856
20181002,4,274364,354
20181002,4,274424,435
20181002,4,274459,556
20181002,4,274466,857
20181002,4,274478,435
20181002,4,274481,857
20181002,4,274594,421
20181002,4,274595,431
20181002,4,274666,350
20181002,4,274686,440
20181002,4,274739,469
20181002,4,274755,404
20181002,4,274806,555
20181002,4,274819,861
20181002,4,274825,423
20181002,4,274850,421
20181002,4,275005,547
20181002,4,275015,547
20181002,4,275026,857
20181002,4,275127,548
20181002,4,275183,469
20181002,4,275227,856
20181002,4,275238,857
20181002,4,275372,857
20181002,4,275382,555
20181002,4,275387,857
20181002,4,275465,435
20181002,4,275506,857
20181002,4,275550,418
20181002,4,275825,857
20181002,4,275918,856
20181002,4,275963,554
20181002,4,275978,423
20181002,4,276052,857
20181002,4,276081,555
20181002,4,276089,357
20181002,4,276121,435
20181002,4,276335,435
20181002,4,276578,549
20181002,4,276608,404
20181002,4,276631,296
20181002,4,276655,857
20181002,4,276769,857
20181002,4,276798,440
20181002,4,277018,556
20181002,4,277022,549
20181002,4,277028,354
20181002,4,277099,924
20181002,4,277119,305
20181002,4,277131,547
20181002,4,277149,350
20181002,4,277326,354
20181002,4,277368,296
20181002,4,277517,438
20181002,4,277632,435
20181002,4,277750,857
20181002,4,277769,431
20181002,4,277804,305
20181002,4,277817,421
20181002,4,277914,305
20181002,4,278056,547
20181002,4,278214,857
20181002,4,278356,421
20181002,4,278414,857
20181002,4,278543,548
20181002,4,278665,404
20181002,4,278690,436
20181002,4,278700,548
20181002,4,278746,305
20181002,4,278815,440
20181002,4,278843,440
20181002,4,278847,856
20181002,4,278955,418
20181002,4,278979,404
20181002,4,279060,861
20181002,4,279082,404
20181002,4,279121,549
20181002,4,279289,857
20181002,4,279382,440
20181002,4,279396,418
20181002,4,279411,416
20181002,4,279425,350
20181002,4,279460,555
20181002,4,279478,548
20181002,4,279544,431
20181002,4,279640,303
20181002,4,279649,421
20181002,4,279659,431
20181002,4,279701,856
20181002,4,279982,556
20181002,4,279999,861
20181002,4,280047,857
20181002,4,280088,548
20181002,4,280247,431
20181002,4,280430,861
20181002,4,280600,350
20181002,4,280637,548
20181002,4,280681,857
20181002,4,280747,549
20181002,4,280776,404
20181002,4,280810,861
20181002,4,280835,423
20181002,4,280849,440
20181002,4,280850,404
20181002,4,280915,469
20181002,4,280958,857
20181002,4,281013,555
20181002,4,281035,404
20181002,4,281041,421
20181002,4,281116,820
20181002,4,281154,1922
20181002,4,281175,469
20181002,4,281291,354
20181002,4,281301,1066
20181002,4,281403,820
20181002,4,281420,350
20181002,4,281480,555
20181002,4,281487,421
20181002,4,281510,549
20181002,4,281563,354
20181002,4,281722,404
20181002,4,281783,549
20181002,4,281834,421
20181002,4,281947,469
20181002,4,282019,548
20181002,4,282073,440
20181002,4,282086,431
20181002,4,282191,547
20181002,4,282201,820
20181002,4,282220,857
20181002,4,282305,421
20181002,4,282342,404
20181002,4,282343,421
20181002,4,282369,469
20181002,4,282458,548
20181002,4,282562,305
20181002,4,282694,435
20181002,4,282710,555
20181002,4,282727,547
20181002,4,282732,548
20181002,4,282741,554
20181002,4,282783,548
20181002,4,282816,283
20181002,4,282839,857
20181002,4,282876,440
20181002,4,282880,555
20181002,4,282968,547
20181002,4,283047,404
20181002,4,283120,423
20181002,4,283307,418
20181002,4,283399,669
20181002,4,283401,296
20181002,4,283502,548
20181002,4,283538,1690
20181002,4,283648,440
20181002,4,283654,820
20181002,4,283706,1684
20181002,4,283712,404
20181002,4,283880,547
20181002,4,283900,421
20181002,4,283924,423
20181002,4,283926,421
20181002,4,284025,857
20181002,4,284035,435
20181002,4,284098,438
20181002,4,284139,404
20181002,4,284213,431
20181002,4,284240,555
20181003,1,179323,248
20181003,1,179354,898
20181003,1,179358,248
20181003,1,179521,409
20181003,1,179523,336
20181003,1,179580,302
20181003,1,179614,541
20181003,1,179653,344
20181003,1,179709,421
20181003,1,179723,794
20181003,1,179728,541
20181003,1,179812,353
20181003,1,179850,353
20181003,1,180011,541
20181003,1,180023,483
20181003,1,180034,794
20181003,1,180054,353
20181003,1,180069,248
20181003,1,180095,331
20181003,1,180103,419
20181003,1,180169,416
20181003,1,180197,794
20181003,1,180260,419
20181003,1,180282,248
20181003,1,180416,483
20181003,1,180457,446
20181003,1,180460,541
20181003,1,180606,1347
20181003,1,180643,446
20181003,1,180801,898
20181003,1,180860,898
20181003,1,180888,300
20181003,1,180896,323
20181003,1,180916,483
20181003,1,180979,446
20181003,1,181015,416
20181003,1,181085,306
20181003,1,181107,248
20181003,1,181115,794
20181003,1,181135,483
20181003,1,181145,794
20181003,1,181153,980
20181003,1,181158,898
20181003,1,181172,344
20181003,1,181188,858
20181003,1,181201,794
20181003,1,181233,1231
20181003,1,181268,483
20181003,1,181343,353
20181003,1,181475,353
20181003,1,181485,483
20181003,1,181544,483
20181003,1,181635,416
20181003,1,181660,248
20181003,1,181748,1730
20181003,1,181787,336
20181003,1,181818,483
20181003,1,181841,446
20181003,1,181848,419
20181003,1,181950,419
20181003,1,182098,446
20181003,1,182107,336
20181003,1,182110,353
20181003,1,182120,898
20181003,1,182130,248
20181003,1,182220,483
20181003,1,182279,898
20181003,1,182314,541
20181003,1,182445,858
20181003,1,182455,858
20181003,1,182513,331
20181003,1,182569,541
20181003,1,182676,949
20181003,1,182753,794
20181003,1,182884,5500
20181003,1,182909,541
20181003,1,182912,949
20181003,1,182948,898
20181003,1,182989,323
20181003,1,182995,409
20181003,1,183000,485
20181003,1,183015,419
20181003,1,183029,419
20181003,1,183154,409
20181003,1,183161,426
20181003,1,183168,949
20181003,1,183172,432
20181003,1,183180,483
20181003,1,183204,421
20181003,1,183302,949
20181003,1,183365,248
20181003,1,183380,794
20181003,1,183387,447
20181003,1,183554,416
20181003,1,183595,949
20181003,1,183741,336
20181003,1,183825,248
20181003,1,183842,483
20181003,1,183867,421
20181003,1,183881,980
20181003,1,183975,353
20181003,1,184041,421
20181003,1,184104,858
20181003,1,184119,949
20181003,1,184180,353
20181003,1,184221,344
20181003,1,184228,306
20181003,1,184336,353
20181003,1,184352,421
20181003,1,184447,344
20181003,1,184473,306
20181003,1,184491,949
20181003,1,184526,980
20181003,1,184668,794
20181003,1,184697,483
20181003,1,184717,421
20181003,1,184760,248
20181003,1,184890,409
20181003,1,184945,980
20181003,1,184957,541
20181003,1,185054,541
20181003,1,185149,336
20181003,1,185159,794
20181003,1,185295,323
20181003,1,185312,898
20181003,1,185315,980
20181003,1,185491,336
20181003,1,185517,980
20181003,1,185546,794
20181003,1,185555,353
20181003,1,185564,898
20181003,1,185582,794
20181003,1,185663,949
20181003,1,185695,416
20181003,1,185759,336
20181003,1,185801,898
20181003,1,185802,980
20181003,1,185803,858
20181003,1,185814,541
20181003,1,185823,336
20181003,1,185832,541
20181003,1,185838,419
20181003,1,185845,248
20181003,1,185864,446
20181003,1,185866,483
20181003,1,185878,794
20181003,1,185884,483
20181003,1,185927,980
20181003,1,185975,794
20181003,1,185978,336
20181003,1,186005,331
20181003,1,186070,447
20181003,1,186097,323
20181003,1,186108,306
20181003,1,186117,446
20181003,1,186259,858
20181003,1,186318,794
20181003,1,186427,898
20181003,1,186483,483
20181003,1,186487,248
20181003,1,186565,336
20181003,1,186584,794
20181003,1,186702,248
20181003,1,186742,409
20181003,1,186755,541
20181003,1,186782,949
20181003,1,186809,794
20181003,1,186820,949
20181003,1,186828,433
20181003,1,186873,331
20181003,1,186922,248
20181003,1,186966,353
20181003,1,187028,949
20181003,1,187053,541
20181003,1,187176,446
20181003,1,187285,794
20181003,1,187369,419
20181003,1,187424,858
20181003,1,187502,898
20181003,1,187530,576
20181003,1,187541,336
20181003,1,187550,898
20181003,1,187552,541
20181003,1,187606,949
20181003,1,187614,248
20181003,1,187653,541
20181003,1,187669,336
20181003,2,162431,344
20181003,2,162524,543
20181003,2,162652,969
20181003,2,162700,943
20181003,2,162768,543
20181003,2,162794,963
20181003,2,162804,358
20181003,2,162830,419
20181003,2,162841,943
20181003,2,162990,788
20181003,2,162992,255
20181003,2,163001,344
20181003,2,163019,344
20181003,2,163030,788
20181003,2,163060,317
20181003,2,163065,543
20181003,2,163078,447
20181003,2,163117,788
20181003,2,163144,344
20181003,2,163199,255
20181003,2,163203,317
20181003,2,163207,358
20181003,2,163218,421
20181003,2,163231,331
20181003,2,163236,423
20181003,2,163466,255
20181003,2,163518,426
20181003,2,163633,943
20181003,2,163716,1307
20181003,2,163795,943
20181003,2,163813,331
20181003,2,163854,317
20181003,2,163868,416
20181003,2,163886,788
20181003,2,163966,973
20181003,2,164047,858
20181003,2,164086,858
20181003,2,164104,255
20181003,2,164134,788
20181003,2,164177,543
20181003,2,164193,963
20181003,2,164321,980
20181003,2,164364,943
20181003,2,164374,331
20181003,2,164391,980
20181003,2,164398,421
20181003,2,164412,980
20181003,2,164419,943
20181003,2,164544,963
20181003,2,164554,943
20181003,2,164557,788
20181003,2,164590,447
20181003,2,164615,963
20181003,2,164633,858
20181003,2,164654,423
20181003,2,164673,255
20181003,2,164731,543
20181003,2,164776,969
20181003,2,164874,1201
20181003,2,164919,788
20181003,2,164950,374
20181003,2,164958,788
20181003,2,164986,344
20181003,2,165001,423
20181003,2,165059,788
20181003,2,165099,331
20181003,2,165257,419
20181003,2,165295,543
20181003,2,165337,788
20181003,2,165419,255
20181003,2,165502,788
20181003,2,165531,5500
20181003,2,165540,423
20181003,2,165637,331
20181003,2,165710,543
20181003,2,165744,943
20181003,2,165749,788
20181003,2,165750,788
20181003,2,165835,409
20181003,2,165842,255
20181003,2,165858,788
20181003,2,165885,374
20181003,2,165914,447
20181003,2,165915,980
20181003,2,165943,980
20181003,2,165963,421
20181003,2,166036,786
20181003,2,166164,344
20181003,2,166262,344
20181003,2,166275,344
20181003,2,166331,255
20181003,2,166370,433
20181003,2,166442,255
20181003,2,166494,358
20181003,2,166517,858
20181003,2,166548,419
20181003,2,166553,1649
20181003,2,166554,409
20181003,2,166612,323
20181003,2,166627,255
20181003,2,166645,358
20181003,2,166665,631
20181003,2,166689,943
20181003,2,166736,447
20181003,2,166755,421
20181003,2,166756,358
20181003,2,166807,973
20181003,2,166862,788
20181003,2,166927,421
20181003,2,166986,980
20181003,2,167168,788
20181003,2,167192,858
20181003,2,167198,344
20181003,2,167225,416
20181003,2,167230,969
20181003,2,167256,423
20181003,2,167326,459
20181003,2,167329,331
20181003,2,167370,419
20181003,2,167719,858
20181003,2,167726,344
20181003,2,167756,459
20181003,2,167925,323
20181003,2,167980,447
20181003,2,168099,606
20181003,2,168308,331
20181003,2,168533,255
20181003,2,168536,255
20181003,2,168544,419
20181003,2,168546,943
20181003,2,168548,416
20181003,2,168579,344
20181003,2,168599,543
20181003,2,168609,973
20181003,2,168616,943
20181003,2,168807,331
20181003,2,168817,255
20181003,2,168971,255
20181003,2,169013,434
20181003,2,169033,447
20181003,2,169062,255
20181003,2,169075,543
20181003,2,169107,291
20181003,2,169132,459
20181003,2,169165,358
20181003,2,169218,788
20181003,2,169227,323
20181003,2,169250,317
20181003,2,169268,416
20181003,2,169291,255
20181003,2,169300,419
20181003,2,169310,447
20181003,2,169330,344
20181003,2,169373,943
20181003,2,169399,255
20181003,2,169467,344
20181003,2,169532,969
20181003,2,169533,374
20181003,2,169587,432
20181003,2,169599,788
20181003,2,169601,788
20181003,2,169663,858
20181003,2,169813,788
20181003,2,169837,323
20181003,2,169843,255
20181003,2,169853,969
20181003,2,169860,255
20181003,2,169888,331
20181003,2,169999,419
20181003,2,170204,358
20181003,2,170248,409
20181003,2,170254,447
20181003,2,170263,543
20181003,2,170287,969
20181003,2,170342,969
20181003,2,170368,255
20181003,2,170406,788
20181003,2,170444,416
20181003,2,170489,980
20181003,2,170540,344
20181003,2,170558,344
20181003,2,170603,943
20181003,2,170727,374
20181003,2,170798,416
20181003,2,170910,943
20181003,2,170946,440
20181003,3,79876,259
20181003,3,79998,892
20181003,3,80114,447
20181003,3,80156,421
20181003,3,80165,423
20181003,3,80203,361
20181003,3,80219,419
20181003,3,80313,979
20181003,3,80333,892
20181003,3,80425,423
20181003,3,80444,942
20181003,3,80687,423
20181003,3,80780,421
20181003,3,80801,447
20181003,3,80846,554
20181003,3,80882,419
20181003,3,80914,419
20181003,3,80925,973
20181003,3,81064,543
20181003,3,81075,942
20181003,3,81183,259
20181003,3,81197,893
20181003,3,81220,543
20181003,3,81269,361
20181003,3,81303,398
20181003,3,81320,419
20181003,3,81375,428
20181003,3,81379,892
20181003,3,81465,432
20181003,3,81488,979
20181003,3,81520,381
20181003,3,81545,893
20181003,3,81617,361
20181003,3,81724,361
20181003,3,81785,893
20181003,3,81873,892
20181003,3,81878,892
20181003,3,81962,893
20181003,3,81984,543
20181003,3,82020,892
20181003,3,82104,423
20181003,3,82132,426
20181003,3,82152,979
20181003,3,82166,892
20181003,3,82278,437
20181003,3,82293,437
20181003,3,82321,421
20181003,3,82373,409
20181003,3,82451,433
20181003,3,82558,447
20181003,3,82559,419
20181003,3,82587,361
20181003,3,82598,419
20181003,3,82599,979
20181003,3,82630,892
20181003,3,82642,979
20181003,3,82840,543
20181003,3,82892,892
20181003,3,82933,447
20181003,3,82984,543
20181003,3,82994,423
20181003,3,83054,893
20181003,3,83063,423
20181003,3,83103,979
20181003,3,83111,893
20181003,3,83125,323
20181003,3,83193,318
20181003,3,83201,893
20181003,3,83243,893
20181003,3,83345,893
20181003,3,83375,421
20181003,3,83444,942
20181003,3,83453,942
20181003,3,83557,428
20181003,3,83745,892
20181003,3,83841,423
20181003,3,83884,893
20181003,3,83927,979
20181003,3,83995,893
20181003,3,84022,421
20181003,3,84031,259
20181003,3,84037,259
20181003,3,84052,362
20181003,3,84057,259
20181003,3,84064,419
20181003,3,84146,421
20181003,3,84178,892
20181003,3,84188,423
20181003,3,84288,892
20181003,3,84318,979
20181003,3,84327,892
20181003,3,84331,892
20181003,3,84344,331
20181003,3,84412,409
20181003,3,84430,259
20181003,3,84486,893
20181003,3,84491,893
20181003,3,84510,419
20181003,3,84532,979
20181003,3,84602,259
20181003,3,84605,942
20181003,3,84708,419
20181003,3,84765,361
20181003,3,84809,942
20181003,3,84876,318
20181003,3,84895,892
20181003,3,84911,423
20181003,3,85046,942
20181003,3,85098,893
20181003,3,85102,409
20181003,3,85220,979
20181003,3,85347,942
20181003,3,85359,398
20181003,3,85442,447
20181003,3,85660,979
20181003,3,85680,850
20181003,3,85736,403
20181003,3,85813,318
20181003,3,85851,421
20181003,3,85977,419
20181003,3,85980,5500
20181003,3,86016,361
20181003,3,86063,259
20181003,3,86069,870
20181003,3,86117,318
20181003,3,86224,361
20181003,3,86237,543
20181003,3,86250,435
20181003,3,86313,259
20181003,3,86321,423
20181003,3,86353,850
20181003,3,86368,426
20181003,3,86429,323
20181003,3,86435,419
20181003,3,86441,942
20181003,3,86451,423
20181003,3,86452,318
20181003,3,86472,893
20181003,3,86558,326
20181003,3,86569,1144
20181003,3,86591,892
20181003,3,86612,893
20181003,3,86622,1226
20181003,3,86636,419
20181003,3,86660,969
20181003,3,86661,423
20181003,3,86707,403
20181003,3,86714,419
20181003,3,86831,423
20181003,3,86840,259
20181003,3,86896,543
20181003,3,86906,421
20181003,3,86911,969
20181003,3,86913,381
20181003,3,86933,942
20181003,3,87001,979
20181003,3,87023,892
20181003,3,87082,447
20181003,3,87096,434
20181003,3,87137,423
20181003,3,87141,979
20181003,3,87148,409
20181003,3,87170,282
20181003,3,87181,543
20181003,3,87310,421
20181003,3,87341,419
20181003,3,87367,1582
20181003,3,87370,900
20181003,3,87379,447
20181003,3,87433,447
20181003,3,87449,259
20181003,3,87596,942
20181003,3,87647,447
20181003,3,87655,893
20181003,3,87695,419
20181003,3,87723,893
20181003,3,87793,942
20181003,3,87869,259
20181003,3,87930,892
20181003,3,87969,942
20181003,3,88035,437
20181003,3,88046,893
20181003,3,88070,259
20181003,3,88075,979
20181003,3,88078,421
20181003,3,88102,893
20181003,3,88129,259
20181003,3,88138,942
20181003,3,88192,870
20181003,3,88227,942
20181003,3,88262,259
20181003,3,88397,704
20181003,3,88453,423
20181003,3,88496,361
20181003,3,88542,259
20181003,3,88549,892
20181003,4,187754,421
20181003,4,187907,979
20181003,4,187943,543
20181003,4,188098,397
20181003,4,188139,421
20181003,4,188234,421
20181003,4,188270,447
20181003,4,188276,940
20181003,4,188296,423
20181003,4,188306,447
20181003,4,188325,322
20181003,4,188454,274
20181003,4,188484,543
20181003,4,188608,361
20181003,4,188618,979
20181003,4,188701,979
20181003,4,188789,894
20181003,4,188804,979
20181003,4,188876,979
20181003,4,188924,421
20181003,4,189007,894
20181003,4,189143,421
20181003,4,189167,894
20181003,4,189207,259
20181003,4,189228,940
20181003,4,189239,426
20181003,4,189299,403
20181003,4,189309,423
20181003,4,189383,940
20181003,4,189458,870
20181003,4,189620,447
20181003,4,189737,894
20181003,4,189784,326
20181003,4,189819,318
20181003,4,189838,925
20181003,4,189871,543
20181003,4,189938,940
20181003,4,190022,893
20181003,4,190070,421
20181003,4,190132,979
20181003,4,190181,419
20181003,4,190228,384
20181003,4,190281,893
20181003,4,190428,421
20181003,4,190429,893
20181003,4,190495,419
20181003,4,190513,543
20181003,4,190550,447
20181003,4,190573,423
20181003,4,190580,439
20181003,4,190621,900
20181003,4,190693,979
20181003,4,190714,433
20181003,4,190729,421
20181003,4,190807,893
20181003,4,190846,5500
20181003,4,190942,423
20181003,4,190991,421
20181003,4,191033,893
20181003,4,191057,259
20181003,4,191167,259
20181003,4,191229,894
20181003,4,191345,428
20181003,4,191362,940
20181003,4,191367,979
20181003,4,191395,419
20181003,4,191416,421
20181003,4,191446,893
20181003,4,191502,398
20181003,4,191618,447
20181003,4,191627,361
20181003,4,191690,893
20181003,4,191723,419
20181003,4,191740,940
20181003,4,191756,259
20181003,4,191759,259
20181003,4,191794,554
20181003,4,191920,259
20181003,4,191937,940
20181003,4,191940,856
20181003,4,192052,893
20181003,4,192075,940
20181003,4,192165,969
20181003,4,192290,929
20181003,4,192342,969
20181003,4,192364,259
20181003,4,192408,419
20181003,4,192447,979
20181003,4,192629,447
20181003,4,192668,419
20181003,4,192685,543
20181003,4,192743,893
20181003,4,192810,940
20181003,4,192844,866
20181003,4,192848,423
20181003,4,192874,894
20181003,4,192934,419
20181003,4,192955,894
20181003,4,192964,893
20181003,4,193112,893
20181003,4,193138,893
20181003,4,193172,423
20181003,4,193180,1452
20181003,4,193197,1465
20181003,4,193214,973
20181003,4,193256,433
20181003,4,193386,818
20181003,4,193390,543
20181003,4,193455,870
20181003,4,193553,423
20181003,4,193569,856
20181003,4,193570,929
20181003,4,193631,447
20181003,4,193633,322
20181003,4,193647,940
20181003,4,193689,318
20181003,4,193703,892
20181003,4,193755,543
20181003,4,193758,543
20181003,4,193784,1056
20181003,4,193827,259
20181003,4,193916,893
20181003,4,193942,979
20181003,4,193975,973
20181003,4,193984,423
20181003,4,193991,543
20181003,4,194007,361
20181003,4,194021,543
20181003,4,194040,419
20181003,4,194095,447
20181003,4,194107,421
20181003,4,194115,1117
20181003,4,194291,259
20181003,4,194335,940
20181003,4,194365,979
20181003,4,194508,940
20181003,4,194520,866
20181003,4,194614,421
20181003,4,194702,439
20181003,4,194712,419
20181003,4,194771,326
20181003,4,194772,893
20181003,4,194793,259
20181003,4,194815,979
20181003,4,194866,259
20181003,4,194883,421
20181003,4,194909,361
20181003,4,194956,432
20181003,4,194965,318
20181003,4,194972,423
20181003,4,194977,925
20181003,4,195055,940
20181003,4,195090,423
20181003,4,195149,940
20181003,4,195168,940
20181003,4,195221,361
20181003,4,195285,979
20181003,4,195298,979
20181003,4,195300,421
20181003,4,195396,439
20181003,4,195412,421
20181003,4,195501,428
20181003,4,195517,894
20181003,4,195556,979
20181003,4,195559,419
20181003,4,195599,361
20181003,4,195623,361
20181003,4,195692,979
20181003,4,195751,1070
20181003,4,195760,447
20181003,4,195778,423
20181003,4,195783,893
20181003,4,195801,893
20181003,4,195824,893
20181003,4,195859,322
20181003,4,195890,361
20181003,4,195894,893
20181003,4,195901,423
20181003,4,196020,423
20181003,4,196049,361
20181003,4,196197,259
20181003,4,196271,423
20181003,4,196298,979
20181003,4,196309,850
20181003,4,196317,419
20181003,4,196350,979
20181003,4,196380,419
20181004,1,70957,896
20181004,1,71378,266
20181004,1,71589,708
20181004,1,71605,694
20181004,1,71686,694
20181004,1,71757,896
20181004,1,71969,896
20181004,1,72016,708
20181004,1,72026,694
20181004,1,72081,896
20181004,1,72125,708
20181004,1,72128,385
20181004,1,72146,896
20181004,1,72161,896
20181004,1,72175,708
20181004,1,72389,896
20181004,1,72437,896
20181004,1,72533,266
20181004,1,72540,270
20181004,1,72596,270
20181004,1,72628,5000
20181004,1,72724,896
20181004,1,72756,896
20181004,1,72758,1422
20181004,1,72882,266
20181004,1,72957,256
20181004,1,73017,694
20181004,1,73029,694
20181004,1,73138,708
20181004,1,73150,687
20181004,1,73291,708
20181004,1,73491,266
20181004,1,73536,251
20181004,1,73585,1091
20181004,1,73639,708
20181004,1,73967,708
20181004,1,74044,251
20181004,1,74174,266
20181004,1,74228,576
20181004,1,74574,270
20181004,1,74662,694
20181004,1,74676,266
20181004,1,74706,708
20181004,1,74765,266
20181004,1,74975,632
20181004,1,74997,266
20181004,1,75090,266
20181004,1,75128,619
20181004,1,75151,251
20181004,1,75227,251
20181004,1,75705,896
20181004,1,75720,266
20181004,1,75721,554
20181004,1,75753,708
20181004,1,75766,628
20181004,1,75988,694
20181004,1,76006,871
20181004,1,76077,708
20181004,1,76227,696
20181004,1,76240,694
20181004,1,76275,251
20181004,1,76345,708
20181004,1,76460,251
20181004,1,76547,270
20181004,1,76658,694
20181004,1,76782,708
20181004,1,76784,896
20181004,1,76789,943
20181004,1,76819,270
20181004,1,76843,702
20181004,1,77025,1160
20181004,1,77286,5500
20181004,1,77309,696
20181004,1,77316,694
20181004,1,77341,896
20181004,1,77428,597
20181004,1,77429,694
20181004,1,77447,266
20181004,1,77476,896
20181004,1,77478,1338
20181004,1,77493,708
20181004,1,77504,689
20181004,1,77508,270
20181004,1,77525,708
20181004,1,77581,478
20181004,1,77657,896
20181004,1,77738,270
20181004,1,77770,708
20181004,1,77784,270
20181004,1,77790,836
20181004,1,77968,266
20181004,1,78298,708
20181004,1,78341,708
20181004,1,78476,478
20181004,2,63153,266
20181004,2,63171,1016
20181004,2,63180,898
20181004,2,63218,271
20181004,2,63263,898
20181004,2,63323,271
20181004,2,63435,271
20181004,2,63437,271
20181004,2,63550,271
20181004,2,63551,898
20181004,2,63570,266
20181004,2,63791,690
20181004,2,63808,271
20181004,2,63869,708
20181004,2,63897,708
20181004,2,63928,708
20181004,2,63937,708
20181004,2,64090,696
20181004,2,64111,565
20181004,2,64329,645
20181004,2,64394,696
20181004,2,64491,690
20181004,2,64494,555
20181004,2,64837,690
20181004,2,64990,645
20181004,2,65021,271
20181004,2,65045,708
20181004,2,65048,690
20181004,2,65371,1253
20181004,2,65393,271
20181004,2,65658,708
20181004,2,65744,251
20181004,2,65812,708
20181004,2,65893,266
20181004,2,65919,708
20181004,2,65929,690
20181004,2,65986,814
20181004,2,66048,266
20181004,2,66160,898
20181004,2,66295,266
20181004,2,66567,898
20181004,2,66627,898
20181004,2,66684,646
20181004,2,66732,271
20181004,2,66733,690
20181004,2,66791,690
20181004,2,66922,271
20181004,2,66970,271
20181004,2,67050,898
20181004,2,67074,898
20181004,2,67176,266
20181004,2,67196,266
20181004,2,67393,439
20181004,2,67420,708
20181004,2,67623,271
20181004,2,67755,708
20181004,2,67850,690
20181004,2,67869,696
20181004,2,67878,708
20181004,2,67945,266
20181004,2,67966,1278
20181004,2,68003,702
20181004,2,68021,1267
20181004,2,68023,690
20181004,2,68061,690
20181004,2,68109,708
20181004,2,68307,690
20181004,2,68474,5000
20181004,2,68492,690
20181004,2,68506,266
20181004,2,68508,690
20181004,2,68513,5500
20181004,2,68740,266
20181004,2,68760,726
20181004,2,69138,898
20181004,2,69435,898
20181004,2,69448,1311
20181004,2,69453,720
20181004,2,69523,266
20181004,2,69588,898
20181004,2,69631,266
20181004,2,69646,898
20181004,2,69714,1391
20181004,2,69747,898
20181004,2,69763,894
20181004,2,69863,708
20181004,2,69987,898
20181004,2,70058,266
20181004,2,70125,898
20181004,2,70253,708
20181004,2,70327,266
20181004,2,70336,898
20181004,2,70389,1275
20181004,2,70426,266
20181004,2,70505,554
20181004,2,70602,708
20181004,2,70611,452
20181004,2,70623,266
20181004,2,70707,702
20181004,2,70790,270
20181004,2,70851,1559
20181004,2,70871,690
20181004,3,23714,608
20181004,3,23749,271
20181004,3,23788,271
20181004,3,23972,895
20181004,3,23988,895
20181004,3,24043,271
20181004,3,24051,708
20181004,3,24084,608
20181004,3,24249,1347
20181004,3,24281,708
20181004,3,24439,5500
20181004,3,24619,517
20181004,3,24625,271
20181004,3,24725,645
20181004,3,24733,428
20181004,3,24938,1210
20181004,3,24959,608
20181004,3,25261,271
20181004,3,25356,895
20181004,3,25446,266
20181004,3,25685,708
20181004,3,25757,271
20181004,3,25813,608
20181004,3,25954,895
20181004,3,25976,696
20181004,3,25984,895
20181004,3,26089,271
20181004,3,26091,708
20181004,3,26185,895
20181004,3,26217,920
20181004,3,26294,895
20181004,3,26315,708
20181004,3,26357,1419
20181004,3,26420,895
20181004,3,26493,270
20181004,3,26506,266
20181004,3,26798,266
20181004,3,26861,608
20181004,3,26914,895
20181004,3,27029,895
20181004,3,27050,555
20181004,3,27093,271
20181004,3,27156,271
20181004,3,27192,271
20181004,3,27288,271
20181004,3,27297,1208
20181004,3,27372,266
20181004,3,27376,645
20181004,3,27471,895
20181004,3,27481,266
20181004,3,27515,895
20181004,3,27559,696
20181004,3,27669,708
20181004,3,27766,1506
20181004,3,27847,629
20181004,3,27861,895
20181004,3,28043,708
20181004,3,28332,608
20181004,3,28375,608
20181004,3,28431,708
20181004,3,28435,608
20181004,3,28517,267
20181004,3,28521,608
20181004,3,28581,1169
20181004,3,28602,1418
20181004,3,28630,270
20181004,3,28748,608
20181004,3,28799,708
20181004,3,28910,685
20181004,3,28978,702
20181004,3,29020,708
20181004,3,29029,608
20181004,3,29226,895
20181004,3,29229,271
20181004,3,29336,708
20181004,3,29349,608
20181004,3,29368,266
20181004,3,29384,608
20181004,3,29494,456
20181004,3,29536,575
20181004,3,29542,708
20181004,3,29587,799
20181004,3,29653,608
20181004,3,29966,895
20181004,3,30140,270
20181004,3,30349,1124
20181004,3,30351,608
20181004,3,30469,608
20181004,3,30489,608
20181004,3,30798,708
20181004,3,30932,708
20181004,3,31061,895
20181004,3,31167,608
20181004,3,31173,681
20181004,3,31241,266
20181004,3,31294,708
20181004,3,31307,271
20181004,4,185750,599
20181004,4,185885,1260
20181004,4,185955,266
20181004,4,186234,696
20181004,4,186541,251
20181004,4,186569,689
20181004,4,186664,1068
20181004,4,186784,689
20181004,4,186797,266
20181004,4,186836,708
20181004,4,187238,252
20181004,4,187348,689
20181004,4,187371,1238
20181004,4,187407,1341
20181004,4,187430,708
20181004,4,187464,467
20181004,4,187490,986
20181004,4,187491,696
20181004,4,187675,270
20181004,4,187744,1495
20181004,4,187751,270
20181004,4,187772,542
20181004,4,187915,5500
20181004,4,188008,266
20181004,4,188026,251
20181004,4,188081,702
20181004,4,188086,266
20181004,4,188106,708
20181004,4,188209,554
20181004,4,188277,708
20181004,4,188507,772
20181004,4,188593,251
20181004,4,188611,266
20181004,4,188891,695
20181004,4,189002,266
20181004,4,189013,251
20181004,4,189080,266
20181004,4,189324,252
20181004,4,189423,266
20181004,4,189562,689
20181004,4,189679,689
20181004,4,189813,708
20181004,4,189977,1079
20181004,4,190046,660
20181004,4,190058,689
20181004,4,190290,266
20181004,4,190441,708
20181004,4,190607,1273
20181004,4,190640,251
20181004,4,191025,2331
20181004,4,191088,689
20181004,4,191287,266
20181004,4,191289,266
20181004,4,191344,270
20181004,4,191374,270
20181004,4,191534,270
20181004,4,191544,708
20181004,4,191599,1283
20181004,4,191618,689
20181004,4,191673,536
20181004,4,191725,689
20181004,4,191782,708
20181004,4,191806,693
20181004,4,191855,270
20181004,4,191938,266
20181004,4,191939,708
20181004,4,192133,708
20181004,4,192175,252
20181004,4,192182,708
20181004,4,192408,708
20181004,4,192428,1462
20181004,4,192756,708
20181004,4,192828,266
20181004,4,192954,689
20181004,4,192978,251
20181004,4,193041,708
20181004,4,193094,708
20181004,4,193208,689
20181004,4,193249,689
