ptdfAT|ptdfBE|ptdfDE|ptdfFR|ptdfNL|ram|timestamp
-0.01391|-0.05012|0.01515|-0.04402|0.0068|506|2019-02-14T23:00:00Z
-0.00629|-0.24178|0.00803|-0.09021|-0.20256|1303|2019-02-14T23:00:00Z
0.02149|0.11503|-0.04655|0.18921|0.01229|1062|2019-02-14T23:00:00Z
-0.09388|0.02467|0.02666|0.02466|0.024|695|2019-02-14T23:00:00Z
-0.15502|0.04937|0.02911|0.05497|0.04556|1228|2019-02-14T23:00:00Z
0.01132|0.06381|0.00424|0.0402|0.20097|585|2019-02-14T23:00:00Z
-0.01772|-0.27839|0.01557|-0.12131|0.02032|1401|2019-02-14T23:00:00Z
0.01772|0.27839|-0.01557|0.12131|-0.02032|1444|2019-02-14T23:00:00Z
-0.0134|-0.18696|0.01053|-0.08881|0.17204|952|2019-02-14T23:00:00Z
0.01293|0.14369|-0.0102|0.08617|-0.16371|1518|2019-02-14T23:00:00Z
0.0134|0.18696|-0.01053|0.08881|-0.17204|1775|2019-02-14T23:00:00Z
0.01572|-0.17858|-0.01442|0.1277|-0.10208|1696|2019-02-14T23:00:00Z
-0.00478|0.07789|0.00323|-0.01941|0.02887|335|2019-02-14T23:00:00Z
-0.01432|0.0258|0.013|-0.11433|0.09456|518|2019-02-14T23:00:00Z
-0.01285|-0.12057|0.00707|-0.06405|0.24044|990|2019-02-14T23:00:00Z
-0.01317|-0.11045|0.00491|-0.06076|-0.15356|663|2019-02-14T23:00:00Z
-0.01326|-0.11116|0.00492|-0.06117|-0.1538|663|2019-02-14T23:00:00Z
0|-1|0|0|0|6000|2019-02-14T23:00:00Z
0|0|0|0|-1|5750|2019-02-14T23:00:00Z
0.08924|0.00915|0.00211|0.00915|0|444|2019-02-14T23:00:00Z
0.09032|0.00364|0.00103|0.00364|0|444|2019-02-14T23:00:00Z
0.08534|0.00611|0|0.01093|0|444|2019-02-14T23:00:00Z
0.08356|0.00274|0|0.01275|0|444|2019-02-14T23:00:00Z
0.09001|0.00015|0|0.00119|0|444|2019-02-14T23:00:00Z
0.08997|0.00011|0|0.00125|0|444|2019-02-14T23:00:00Z
0.10498|0.01932|0.02534|0.02706|0|444|2019-02-14T23:00:00Z
0.10898|0.02427|0.0311|0.03214|0|444|2019-02-14T23:00:00Z
0.08801|0|0.00299|0.00969|0|444|2019-02-14T23:00:00Z
0.08806|0|0.00299|0.00961|0|444|2019-02-14T23:00:00Z
0.0898|0|0|0.00149|0|444|2019-02-14T23:00:00Z
0.0847|0|0|0.00995|0|444|2019-02-14T23:00:00Z
0.08349|0|-0.00411|-0.00101|0|439|2019-02-14T23:00:00Z
0.07314|0|-0.01086|-0.00176|0|439|2019-02-14T23:00:00Z
0.08662|0|-0.00201|-0.00025|0|439|2019-02-14T23:00:00Z
0.08857|0.0029|0|0.00262|0|439|2019-02-14T23:00:00Z
0.08266|0.00593|-0.00299|0.00593|0|439|2019-02-14T23:00:00Z
0.0866|0.00798|0|0.00737|0|439|2019-02-14T23:00:00Z
0.08875|0.00234|0|0.00234|0|439|2019-02-14T23:00:00Z
0.08657|0.00776|0|0.00776|0|439|2019-02-14T23:00:00Z
0.08668|0.00179|-0.00158|0.00095|0|439|2019-02-14T23:00:00Z
0.08461|0.00724|-0.00154|0.00607|0|439|2019-02-14T23:00:00Z
0.08711|0|-0.00166|0|0|439|2019-02-14T23:00:00Z
0.07332|0|-0.01053|0|0|439|2019-02-14T23:00:00Z
0.08229|0.0017|-0.0015|0.01194|0|448|2019-02-14T23:00:00Z
0.0759|0.00157|-0.00811|0.00545|0|448|2019-02-14T23:00:00Z
0.08298|0|-0.00151|0.01021|0|448|2019-02-14T23:00:00Z
0.07353|0|-0.01015|0.0036|0|448|2019-02-14T23:00:00Z
-0.06476|-0.07312|-0.10667|-0.08393|0|437|2019-02-14T23:00:00Z
0.02717|-0.01629|-0.02084|-0.01563|0|283|2019-02-14T23:00:00Z
0.02141|-0.01895|-0.02503|-0.01895|0|283|2019-02-14T23:00:00Z
0.05565|-0.00055|-0.00142|-0.00055|0|283|2019-02-14T23:00:00Z
0.05286|-0.00245|-0.00338|-0.00245|0|283|2019-02-14T23:00:00Z
0.00931|-0.02362|-0.03321|-0.02362|0|283|2019-02-14T23:00:00Z
0.05723|0|-0.00012|0.00063|0|283|2019-02-14T23:00:00Z
0.05724|0|-9e-05|7e-04|0|283|2019-02-14T23:00:00Z
0.05421|-0.00171|0|0.00462|0|283|2019-02-14T23:00:00Z
0.05422|-0.00171|0|0.0046|0|283|2019-02-14T23:00:00Z
0.05024|0|-0.00247|0.00615|0|283|2019-02-14T23:00:00Z
0.00897|-0.02186|-0.03328|-0.02186|0|283|2019-02-14T23:00:00Z
0.02519|-0.0118|-0.02198|-0.0118|0|283|2019-02-14T23:00:00Z
0.05539|-0.00122|-0.00158|-0.00104|0|283|2019-02-14T23:00:00Z
0.05278|-0.00264|-0.00096|0.00379|0|283|2019-02-14T23:00:00Z
0.17333|0|0.01463|-0.01725|0|831|2019-02-14T23:00:00Z
0.17699|0|0.01494|-0.00506|0|831|2019-02-14T23:00:00Z
0.17865|0|0.02086|-0.01115|0|831|2019-02-14T23:00:00Z
0.17477|0|0.0169|-0.01674|0|831|2019-02-14T23:00:00Z
0.17127|0|0.00778|-0.01069|0|831|2019-02-14T23:00:00Z
0.17189|0|0.00747|-0.00789|0|831|2019-02-14T23:00:00Z
0.17386|0.00637|0.01468|-0.01085|0|831|2019-02-14T23:00:00Z
0.17295|-0.00405|0.0146|-0.02149|0|837|2019-02-14T23:00:00Z
0.18192|-0.00426|0.02517|-0.01135|0|837|2019-02-14T23:00:00Z
0.17445|-0.01076|0.02065|-0.02698|0|837|2019-02-14T23:00:00Z
0.17119|-0.00301|0.00391|-0.00644|0|837|2019-02-14T23:00:00Z
0.16958|-0.00397|0.00328|-0.01058|0|837|2019-02-14T23:00:00Z
0.17699|-0.00414|0.01788|-0.00414|0|823|2019-02-14T23:00:00Z
0.17244|-0.00357|0.00962|-0.00357|0|823|2019-02-14T23:00:00Z
0.17579|-0.00256|0.01484|-0.00256|0|823|2019-02-14T23:00:00Z
0.17472|-0.0109|0.01801|-0.0109|0|823|2019-02-14T23:00:00Z
0.1724|-0.01364|0.01562|-0.01364|0|823|2019-02-14T23:00:00Z
0.17482|-0.00409|0.01476|-0.00085|0|823|2019-02-14T23:00:00Z
0.17042|-0.00849|0.00906|-0.00849|0|823|2019-02-14T23:00:00Z
0.17054|-0.01064|0.01057|-0.01064|0|823|2019-02-14T23:00:00Z
0.17098|-0.01444|0.01444|-0.01067|0|823|2019-02-14T23:00:00Z
-0.01391|-0.05012|0.01515|-0.04406|0.00664|581|2019-02-15T04:00:00Z
-0.00629|-0.24178|0.00803|-0.09045|-0.20295|1496|2019-02-15T04:00:00Z
-0.0164|0.01425|-0.03462|-0.04683|0.05646|453|2019-02-15T04:00:00Z
-0.02019|0.01227|0.03714|-0.01383|0.01751|522|2019-02-15T04:00:00Z
-0.09388|0.02467|0.02666|0.02467|0.024|707|2019-02-15T04:00:00Z
-0.15502|0.04937|0.02911|0.05493|0.04557|1238|2019-02-15T04:00:00Z
0.01132|0.06381|0.00424|0.04026|0.20029|567|2019-02-15T04:00:00Z
-0.01772|-0.27839|0.01556|-0.12157|0.02031|1618|2019-02-15T04:00:00Z
0.01772|0.27839|-0.01556|0.12157|-0.02031|1227|2019-02-15T04:00:00Z
-0.0134|-0.18696|0.01053|-0.08901|0.17223|1100|2019-02-15T04:00:00Z
0.01293|0.14369|-0.0102|0.08636|-0.16389|1374|2019-02-15T04:00:00Z
0.0134|0.18696|-0.01053|0.08901|-0.17223|1627|2019-02-15T04:00:00Z
0.01572|-0.17858|-0.01442|0.12801|-0.10218|1452|2019-02-15T04:00:00Z
-0.00478|0.07789|0.00323|-0.01942|0.0289|356|2019-02-15T04:00:00Z
-0.01432|0.0258|0.013|-0.11461|0.09465|723|2019-02-15T04:00:00Z
-0.01285|-0.12057|0.00707|-0.06417|0.24269|1093|2019-02-15T04:00:00Z
-0.01326|-0.11116|0.00492|-0.06127|-0.15528|742|2019-02-15T04:00:00Z
0|-1|0|0|0|6000|2019-02-15T04:00:00Z
0|0|0|0|-1|5750|2019-02-15T04:00:00Z
-0.02552|0.07684|-0.09808|0.11841|0|895|2019-02-15T04:00:00Z
0.02263|0.09256|-0.04639|0.17709|0|895|2019-02-15T04:00:00Z
0.02477|0.09141|-0.05233|0.15784|0|895|2019-02-15T04:00:00Z
-0.02362|0.06929|-0.08858|0.13724|0|895|2019-02-15T04:00:00Z
-0.01271|0.10133|-0.07863|0.15545|0|895|2019-02-15T04:00:00Z
-0.00482|0.10767|-0.06291|0.18505|0|895|2019-02-15T04:00:00Z
0.0325|0.11627|-0.03516|0.19758|0|895|2019-02-15T04:00:00Z
0.0312|0.11588|-0.03642|0.19634|0|895|2019-02-15T04:00:00Z
-0.00209|0.10775|-0.06272|0.18103|0|895|2019-02-15T04:00:00Z
0.03047|0.09957|-0.03675|0.19128|0|895|2019-02-15T04:00:00Z
0.03252|0.11578|-0.03491|0.198|0|895|2019-02-15T04:00:00Z
0.03291|0.115|-0.03473|0.19757|0|895|2019-02-15T04:00:00Z
0.072|2e-04|0|0.00126|0|356|2019-02-15T04:00:00Z
0.06701|0.00219|0|0.0102|0|356|2019-02-15T04:00:00Z
0.06844|0.00488|0|0.00873|0|356|2019-02-15T04:00:00Z
0.07203|0.00024|0|0.00122|0|356|2019-02-15T04:00:00Z
0.08393|0.01523|0.01996|0.02138|0|356|2019-02-15T04:00:00Z
0.08698|0.01903|0.02435|0.02527|0|356|2019-02-15T04:00:00Z
0.07156|0.00732|0.00169|0.00732|0|356|2019-02-15T04:00:00Z
0.07243|0.00293|0.00084|0.00293|0|356|2019-02-15T04:00:00Z
0.07115|0|0.00142|0.00508|0|356|2019-02-15T04:00:00Z
0.07061|0|0.00238|0.00768|0|356|2019-02-15T04:00:00Z
0.0717|0|0.00018|0.002|0|356|2019-02-15T04:00:00Z
0.07057|0|0.00238|0.00774|0|356|2019-02-15T04:00:00Z
0.07175|0|0|0.0016|0|356|2019-02-15T04:00:00Z
0.06792|0|0|0.00795|0|356|2019-02-15T04:00:00Z
0.09068|0.00186|0.00334|0.00648|0|444|2019-02-15T04:00:00Z
0.10467|0.01899|0.02489|0.02667|0|444|2019-02-15T04:00:00Z
0.08261|0.0059|-0.00302|0.0059|0|439|2019-02-15T04:00:00Z
0.08667|0.00178|-0.00159|0.00092|0|439|2019-02-15T04:00:00Z
0.0846|0.00723|-0.00155|0.00604|0|439|2019-02-15T04:00:00Z
0.0866|0.00796|0|0.00735|0|439|2019-02-15T04:00:00Z
0.08858|0.0029|0|0.0026|0|439|2019-02-15T04:00:00Z
0.08657|0.00774|0|0.00774|0|439|2019-02-15T04:00:00Z
0.08871|0.00242|0|0.00242|0|439|2019-02-15T04:00:00Z
0.08658|0|-0.00201|-0.00011|0|439|2019-02-15T04:00:00Z
0.0835|0|-0.00411|-0.00104|0|439|2019-02-15T04:00:00Z
0.07308|0|-0.0109|-0.00181|0|439|2019-02-15T04:00:00Z
0.08678|0|-0.00187|0|0|439|2019-02-15T04:00:00Z
0.07952|0|-0.00391|0.00973|0|448|2019-02-15T04:00:00Z
0.07352|0|-0.01015|0.00358|0|448|2019-02-15T04:00:00Z
0.07053|-0.00024|-0.0017|-0.00024|0|358|2019-02-15T04:00:00Z
0.01105|-0.0303|-0.04254|-0.0303|0|358|2019-02-15T04:00:00Z
0.0106|-0.02798|-0.04262|-0.02798|0|358|2019-02-15T04:00:00Z
0.03196|-0.01482|-0.02776|-0.01482|0|358|2019-02-15T04:00:00Z
0.0646|-0.00403|-0.00583|-0.00403|0|358|2019-02-15T04:00:00Z
0.02814|-0.02299|-0.03092|-0.02299|0|358|2019-02-15T04:00:00Z
0.05975|0|-0.00861|0|0|358|2019-02-15T04:00:00Z
-0.06026|-0.06341|-0.09244|-0.07301|0|358|2019-02-15T04:00:00Z
0.05699|0|-0.00023|0.00072|0|283|2019-02-15T04:00:00Z
0.057|0|-2e-04|0.00078|0|283|2019-02-15T04:00:00Z
0.02977|-0.01462|-0.01895|-0.01377|0|283|2019-02-15T04:00:00Z
0.05241|0|-0.00096|0.00643|0|283|2019-02-15T04:00:00Z
0.05533|-0.00109|-0.00155|-0.00077|0|283|2019-02-15T04:00:00Z
0.05276|-0.00264|-0.00097|0.00377|0|283|2019-02-15T04:00:00Z
0.05421|-0.00171|0|0.0046|0|283|2019-02-15T04:00:00Z
0.17707|0|0.01496|-0.00478|0|831|2019-02-15T04:00:00Z
0.17477|0|0.017|-0.01692|0|831|2019-02-15T04:00:00Z
0.1788|0|0.02111|-0.01111|0|831|2019-02-15T04:00:00Z
0.17176|0|0.00719|-0.00774|0|831|2019-02-15T04:00:00Z
0.17113|0|0.00752|-0.01063|0|831|2019-02-15T04:00:00Z
0.17327|0|0.01464|-0.01744|0|831|2019-02-15T04:00:00Z
0.17382|0.00661|0.01469|-0.0108|0|831|2019-02-15T04:00:00Z
0.1729|-0.00403|0.01461|-0.02168|0|837|2019-02-15T04:00:00Z
0.18206|-0.00425|0.02542|-0.01131|0|837|2019-02-15T04:00:00Z
0.17107|-0.00298|0.00367|-0.00631|0|837|2019-02-15T04:00:00Z
0.17443|-0.01092|0.0208|-0.02729|0|837|2019-02-15T04:00:00Z
0.16945|-0.00395|0.00304|-0.01053|0|837|2019-02-15T04:00:00Z
0.1749|-0.01086|0.01828|-0.01086|0|823|2019-02-15T04:00:00Z
0.17027|-0.00829|0.00867|-0.00829|0|823|2019-02-15T04:00:00Z
0.17585|-0.00242|0.01486|-0.00242|0|823|2019-02-15T04:00:00Z
0.17223|-0.00352|0.00921|-0.00352|0|823|2019-02-15T04:00:00Z
0.17716|-0.00413|0.01816|-0.00413|0|823|2019-02-15T04:00:00Z
0.1748|-0.00408|0.01477|-0.00056|0|823|2019-02-15T04:00:00Z
0.1724|-0.01381|0.01571|-0.01381|0|823|2019-02-15T04:00:00Z
0.1704|-0.01058|0.01028|-0.01058|0|823|2019-02-15T04:00:00Z
0.17088|-0.01467|0.01444|-0.01061|0|823|2019-02-15T04:00:00Z
-0.00217|0.00953|-0.01005|0.00131|0.08897|336|2019-02-15T12:00:00Z
-0.02115|0.04308|0.04357|0.04196|0.04304|390|2019-02-15T12:00:00Z
-0.09235|0.0247|0.02667|0.02468|0.02405|734|2019-02-15T12:00:00Z
-0.08787|0.01635|0.02105|-0.00321|0.02328|656|2019-02-15T12:00:00Z
-0.15489|0.04998|0.03189|0.05551|0.04627|1254|2019-02-15T12:00:00Z
-0.01164|-0.0638|-0.0022|-0.04031|-0.19716|1017|2019-02-15T12:00:00Z
0.01164|0.0638|0.0022|0.04031|0.19716|732|2019-02-15T12:00:00Z
0.01785|0.27831|-0.01791|0.12074|-0.01949|1251|2019-02-15T12:00:00Z
0.01306|0.14331|-0.01235|0.08571|-0.16749|1462|2019-02-15T12:00:00Z
-0.01348|-0.18395|0.01271|-0.08796|0.17484|865|2019-02-15T12:00:00Z
0.00483|-0.07817|-0.00407|0.01951|-0.0293|568|2019-02-15T12:00:00Z
0.01352|-0.15772|-0.01391|0.10479|-0.09068|1429|2019-02-15T12:00:00Z
0.01583|-0.17835|-0.0165|0.12672|-0.10388|1650|2019-02-15T12:00:00Z
-0.00483|0.07817|0.00407|-0.01951|0.0293|347|2019-02-15T12:00:00Z
-0.01443|0.02559|0.01493|-0.11348|0.09624|499|2019-02-15T12:00:00Z
0.00211|0.01254|1e-04|0.00768|0.21151|599|2019-02-15T12:00:00Z
-0.01351|-0.11101|0.0084|-0.06106|-0.15461|603|2019-02-15T12:00:00Z
0|-1|0|0|0|6000|2019-02-15T12:00:00Z
-0.25056|-0.35798|-0.22754|-0.30147|0|837|2019-02-15T12:00:00Z
-0.24911|-0.35737|-0.22584|-0.30019|0|837|2019-02-15T12:00:00Z
-0.25012|-0.35736|-0.22687|-0.30061|0|837|2019-02-15T12:00:00Z
-0.24789|-0.35671|-0.22428|-0.29948|0|837|2019-02-15T12:00:00Z
-0.25|-0.35664|-0.22641|-0.30033|0|837|2019-02-15T12:00:00Z
-0.25024|-0.35752|-0.22697|-0.30139|0|837|2019-02-15T12:00:00Z
-0.25031|-0.35802|-0.22729|-0.3015|0|837|2019-02-15T12:00:00Z
-0.24855|-0.35729|-0.22523|-0.29989|0|837|2019-02-15T12:00:00Z
-0.24967|-0.35671|-0.22608|-0.30039|0|837|2019-02-15T12:00:00Z
-0.25117|-0.35753|-0.22794|-0.30169|0|837|2019-02-15T12:00:00Z
-0.25444|-0.35874|-0.23181|-0.30384|0|837|2019-02-15T12:00:00Z
-0.00287|0.09519|-0.07016|0.15982|0|898|2019-02-15T12:00:00Z
0.00282|0.10564|-0.05931|0.18187|0|898|2019-02-15T12:00:00Z
0.0185|0.10878|-0.04732|0.18782|0|898|2019-02-15T12:00:00Z
0.01833|0.10216|-0.04762|0.18512|0|898|2019-02-15T12:00:00Z
-0.02428|0.06883|-0.08943|0.13687|0|898|2019-02-15T12:00:00Z
0.0186|0.09657|-0.05373|0.16706|0|898|2019-02-15T12:00:00Z
0.01813|0.10908|-0.04773|0.18747|0|898|2019-02-15T12:00:00Z
0.00012|0.10272|-0.06526|0.17002|0|898|2019-02-15T12:00:00Z
0.00276|0.10571|-0.05911|0.18249|0|898|2019-02-15T12:00:00Z
0.17402|0.00807|0.01282|-0.01067|0|839|2019-02-15T12:00:00Z
0.173|-0.00394|0.01274|-0.02291|0|844|2019-02-15T12:00:00Z
0.17127|-0.00273|0.00087|-0.00538|0|844|2019-02-15T12:00:00Z
0.18328|-0.00417|0.02486|-0.01124|0|844|2019-02-15T12:00:00Z
0.17309|-0.01892|0.0265|-0.04705|0|844|2019-02-15T12:00:00Z
0.17609|0|0.01701|-0.0215|0|844|2019-02-15T12:00:00Z
0.18122|0|0.02077|-0.01111|0|844|2019-02-15T12:00:00Z
0.1791|0|0.01319|-0.00332|0|844|2019-02-15T12:00:00Z
0.17444|0|0.01285|-0.01889|0|844|2019-02-15T12:00:00Z
0.17283|0|0.00401|-0.00679|0|844|2019-02-15T12:00:00Z
0.17185|0|0.00417|-0.01054|0|844|2019-02-15T12:00:00Z
0.17161|-0.00316|0.00525|-0.00316|0|830|2019-02-15T12:00:00Z
0.1716|-0.00317|0.00524|-0.00317|0|830|2019-02-15T12:00:00Z
0.17839|-0.00406|0.01761|-0.00406|0|830|2019-02-15T12:00:00Z
0.17658|-0.00167|0.01301|-0.00167|0|830|2019-02-15T12:00:00Z
0.17008|-0.01043|0.00698|-0.01043|0|830|2019-02-15T12:00:00Z
0.17002|-0.00708|0.00484|-0.00708|0|830|2019-02-15T12:00:00Z
0.17613|-0.0108|0.01774|-0.0108|0|830|2019-02-15T12:00:00Z
0.17259|-0.01623|0.01484|-0.01623|0|830|2019-02-15T12:00:00Z
0.17511|-0.00399|0.0129|0.00091|0|830|2019-02-15T12:00:00Z
0.17072|-0.01594|0.01258|-0.01047|0|830|2019-02-15T12:00:00Z
0.16313|-0.00352|0|-0.00914|0|812|2019-02-15T12:00:00Z
0.16288|-0.00355|0|-0.00999|0|812|2019-02-15T12:00:00Z
0.16287|-0.00387|0|-0.00999|0|812|2019-02-15T12:00:00Z
0.16283|-0.00371|0|-0.01015|0|812|2019-02-15T12:00:00Z
0.1628|-0.00381|0|-0.01023|0|812|2019-02-15T12:00:00Z
0.16267|-0.0037|-2e-04|-0.00998|0|812|2019-02-15T12:00:00Z
-0.09385|0.02405|0.02642|0.02386|0.02348|734|2019-02-15T23:00:00Z
-0.15414|0.0479|0.02706|0.05292|0.04438|1206|2019-02-15T23:00:00Z
0.01561|0.24784|-0.0133|0.10697|-0.02491|1316|2019-02-15T23:00:00Z
-0.00189|0.08057|0.00072|-0.00015|0.01895|356|2019-02-15T23:00:00Z
-0.0131|-0.18048|0.00939|-0.08776|0.17449|934|2019-02-15T23:00:00Z
0.01177|0.24196|-0.01033|0.08552|-0.01619|1206|2019-02-15T23:00:00Z
-0.01564|0.17902|0.01374|-0.13017|0.10082|1488|2019-02-15T23:00:00Z
0.01564|-0.17902|-0.01374|0.13017|-0.10082|1741|2019-02-15T23:00:00Z
-0.00439|0.07945|0.0028|-0.01724|0.02847|354|2019-02-15T23:00:00Z
0.01034|0.24558|-0.00873|0.06863|-0.01151|1230|2019-02-15T23:00:00Z
-0.01423|-0.00757|0.01234|-0.11583|0.09474|867|2019-02-15T23:00:00Z
0.01496|0.23093|-0.01235|0.10028|-0.04195|1277|2019-02-15T23:00:00Z
-0.01582|0.02936|0.03197|0.02675|0.03063|292|2019-02-15T23:00:00Z
-0.0025|0.00758|-0.0041|0.00017|0.08276|306|2019-02-15T23:00:00Z
0.00441|0.21744|-0.00977|0.08046|0.19458|1193|2019-02-15T23:00:00Z
0.02208|0.11971|-0.04416|0.18817|0.01243|1070|2019-02-15T23:00:00Z
0|-1|0|0|0|6000|2019-02-15T23:00:00Z
0.18107|0.12938|0.18706|0.15659|0|387|2019-02-15T23:00:00Z
0.16588|0.11853|0.17634|0.13957|0|387|2019-02-15T23:00:00Z
0.19326|0.15471|0.1983|0.16686|0|387|2019-02-15T23:00:00Z
0.16475|0.09573|0.17339|0.12727|0|387|2019-02-15T23:00:00Z
0.17112|0.10542|0.17816|0.13967|0|387|2019-02-15T23:00:00Z
0.19213|0.15025|0.1968|0.16779|0|387|2019-02-15T23:00:00Z
0.19436|0.15481|0.19882|0.16992|0|387|2019-02-15T23:00:00Z
0.19421|0.13877|0.19702|0.16341|0|387|2019-02-15T23:00:00Z
0.19428|0.15456|0.19873|0.16986|0|387|2019-02-15T23:00:00Z
-0.29943|-0.40604|-0.2823|-0.35142|0|908|2019-02-15T23:00:00Z
-0.29528|-0.40383|-0.27732|-0.34672|0|908|2019-02-15T23:00:00Z
-0.30288|-0.40509|-0.28541|-0.35253|0|908|2019-02-15T23:00:00Z
-0.29877|-0.40409|-0.28095|-0.34882|0|908|2019-02-15T23:00:00Z
-0.30012|-0.40593|-0.28301|-0.35132|0|908|2019-02-15T23:00:00Z
-0.29912|-0.40458|-0.28128|-0.35104|0|908|2019-02-15T23:00:00Z
-0.30327|-0.40488|-0.28566|-0.35295|0|908|2019-02-15T23:00:00Z
-0.29346|-0.40322|-0.27505|-0.34678|0|908|2019-02-15T23:00:00Z
-0.29829|-0.402|-0.2795|-0.34793|0|908|2019-02-15T23:00:00Z
-0.29737|-0.40221|-0.27858|-0.3481|0|908|2019-02-15T23:00:00Z
-0.0389|-0.00942|0.02346|-0.04159|0|416|2019-02-15T23:00:00Z
-0.03758|-0.00719|0.02575|-0.03519|0|416|2019-02-15T23:00:00Z
-0.03984|-0.00499|0.02384|-0.0373|0|416|2019-02-15T23:00:00Z
-0.04611|-0.00639|0.02037|-0.03238|0|416|2019-02-15T23:00:00Z
-0.03479|-0.00863|0.02647|-0.04108|0|416|2019-02-15T23:00:00Z
-0.05274|-0.01033|0.01274|-0.04636|0|416|2019-02-15T23:00:00Z
-0.03969|-0.01027|0.02375|-0.03716|0|416|2019-02-15T23:00:00Z
0.18363|0.13121|0.1897|0.14971|0|387|2019-02-15T23:00:00Z
0.0823|0.08016|0.11621|0.09384|0|387|2019-02-15T23:00:00Z
0.17997|0.12364|0.18593|0.15143|0|387|2019-02-15T23:00:00Z
0.17686|0.12491|0.18453|0.14436|0|387|2019-02-15T23:00:00Z
0.18088|0.12924|0.18686|0.1571|0|387|2019-02-15T23:00:00Z
0.02391|0.0491|0.07417|0.05542|0|387|2019-02-15T23:00:00Z
0.20423|0.14367|0.20423|0.16929|0|387|2019-02-15T23:00:00Z
0.20528|0.14492|0.20528|0.1677|0|387|2019-02-15T23:00:00Z
0.20298|0.14062|0.20298|0.16864|0|387|2019-02-15T23:00:00Z
0.20411|0.14003|0.20411|0.16377|0|387|2019-02-15T23:00:00Z
0.2024|0.13735|0.2024|0.16534|0|387|2019-02-15T23:00:00Z
0.20305|0.13762|0.20305|0.1635|0|387|2019-02-15T23:00:00Z
0.20475|0.14184|0.20475|0.16452|0|387|2019-02-15T23:00:00Z
0.13012|0.07252|0.10337|0.0865|0|328|2019-02-15T23:00:00Z
0.17224|0.00525|0.01533|-0.01003|0|819|2019-02-15T23:00:00Z
0.17652|-0.0027|0.01571|-0.0027|0|824|2019-02-15T23:00:00Z
0.17744|-0.00391|0.01804|-0.00391|0|824|2019-02-15T23:00:00Z
0.17416|-0.00354|0.01211|-0.00354|0|824|2019-02-15T23:00:00Z
0.17532|-0.01021|0.01815|-0.01021|0|824|2019-02-15T23:00:00Z
0.17314|-0.01177|0.01529|-0.01177|0|824|2019-02-15T23:00:00Z
0.1736|-0.01206|0.01628|-0.01206|0|824|2019-02-15T23:00:00Z
0.17091|-0.00671|0.01458|-0.01919|0|824|2019-02-15T23:00:00Z
0.17591|0|0.01565|-0.00529|0|824|2019-02-15T23:00:00Z
0.1718|0|0.00983|-0.00794|0|824|2019-02-15T23:00:00Z
0.17113|0|0.00966|-0.00996|0|824|2019-02-15T23:00:00Z
0.17728|0|0.02055|-0.01032|0|824|2019-02-15T23:00:00Z
0.17923|-0.00395|0.02442|-0.01043|0|824|2019-02-15T23:00:00Z
0.17202|-0.01001|0.01229|-0.01001|0|824|2019-02-15T23:00:00Z
0.17209|-0.0086|0.01156|-0.0086|0|824|2019-02-15T23:00:00Z
0.16849|-0.00371|0.00538|-0.00981|0|824|2019-02-15T23:00:00Z
0.17008|-0.00298|0.00648|-0.00663|0|824|2019-02-15T23:00:00Z
0.17286|0|0.01538|-0.0154|0|824|2019-02-15T23:00:00Z
0.17426|0|0.01724|-0.01422|0|824|2019-02-15T23:00:00Z
0.17346|-0.00829|0.01999|-0.02081|0|824|2019-02-15T23:00:00Z
0.17145|-0.00378|0.01526|-0.01928|0|824|2019-02-15T23:00:00Z
0.17308|-0.00382|0.0154|-0.00137|0|812|2019-02-15T23:00:00Z
0.16974|-0.0128|0.0151|-0.00988|0|812|2019-02-15T23:00:00Z
-0.09384|0.02394|0.02631|0.0238|0.02337|728|2019-02-16T04:00:00Z
-0.08892|0.01602|0.01871|-0.0023|0.02286|582|2019-02-16T04:00:00Z
-0.15413|0.04771|0.02688|0.0526|0.04422|1140|2019-02-16T04:00:00Z
0.01562|0.24794|-0.01324|0.10788|-0.02528|1123|2019-02-16T04:00:00Z
-0.00189|0.08056|0.00072|-1e-05|0.01906|344|2019-02-16T04:00:00Z
0.01177|0.24204|-0.01028|0.08627|-0.01646|1052|2019-02-16T04:00:00Z
0.01564|-0.17892|-0.01366|0.13178|-0.1013|1448|2019-02-16T04:00:00Z
-0.00439|0.07942|0.00278|-0.01722|0.02865|364|2019-02-16T04:00:00Z
0.01034|0.24565|-0.00869|0.06925|-0.01175|1093|2019-02-16T04:00:00Z
-0.01424|-0.00766|0.01227|-0.11721|0.09519|860|2019-02-16T04:00:00Z
0.0044|0.21741|-0.00979|0.08127|0.1979|888|2019-02-16T04:00:00Z
0|-1|0|0|0|6500|2019-02-16T04:00:00Z
0.1908|0.15279|0.1948|0.16802|0|377|2019-02-16T04:00:00Z
0.17872|0.1262|0.18466|0.14385|0|377|2019-02-16T04:00:00Z
0.17561|0.124|0.18145|0.15225|0|377|2019-02-16T04:00:00Z
0.16388|0.09551|0.17098|0.13166|0|377|2019-02-16T04:00:00Z
0.19304|0.16041|0.19749|0.16749|0|377|2019-02-16T04:00:00Z
0.14865|0.06864|0.15879|0.10523|0|377|2019-02-16T04:00:00Z
0.19511|0.16153|0.19866|0.1726|0|377|2019-02-16T04:00:00Z
-0.3068|-0.42201|-0.29471|-0.36629|0|916|2019-02-16T04:00:00Z
-0.33858|-0.41518|-0.32408|-0.37772|0|916|2019-02-16T04:00:00Z
-0.31236|-0.4211|-0.30036|-0.3655|0|916|2019-02-16T04:00:00Z
-0.24984|-0.39781|-0.22649|-0.32415|0|916|2019-02-16T04:00:00Z
-0.29099|-0.39229|-0.26601|-0.34049|0|916|2019-02-16T04:00:00Z
-0.32296|-0.41118|-0.30593|-0.37204|0|916|2019-02-16T04:00:00Z
-0.30429|-0.41022|-0.28647|-0.36297|0|916|2019-02-16T04:00:00Z
-0.34617|-0.41378|-0.33071|-0.38433|0|916|2019-02-16T04:00:00Z
-0.29792|-0.39081|-0.27291|-0.33921|0|916|2019-02-16T04:00:00Z
-0.27882|-0.40499|-0.26022|-0.3333|0|916|2019-02-16T04:00:00Z
-0.3015|-0.40646|-0.28385|-0.34566|0|916|2019-02-16T04:00:00Z
-0.01509|0.08421|-0.08521|0.13043|0|877|2019-02-16T04:00:00Z
0.02343|0.09773|-0.04426|0.17669|0|877|2019-02-16T04:00:00Z
0.02338|0.10552|-0.04176|0.18581|0|877|2019-02-16T04:00:00Z
0.02421|0.09626|-0.04989|0.16038|0|877|2019-02-16T04:00:00Z
-0.00676|0.11317|-0.06182|0.18661|0|877|2019-02-16T04:00:00Z
-0.04631|0.10101|-0.1094|0.12543|0|877|2019-02-16T04:00:00Z
0.02384|0.09622|-0.05047|0.15947|0|877|2019-02-16T04:00:00Z
0.03845|0.12466|-0.0276|0.2037|0|877|2019-02-16T04:00:00Z
-0.05405|0.04327|-0.11596|0.10214|0|877|2019-02-16T04:00:00Z
0.06538|0.06928|0.10268|0.07905|0|377|2019-02-16T04:00:00Z
0.08099|0.07753|0.11375|0.09123|0|377|2019-02-16T04:00:00Z
0.17096|0.11898|0.17874|0.13763|0|377|2019-02-16T04:00:00Z
0.04654|0.059|0.08897|0.06789|0|377|2019-02-16T04:00:00Z
0.16625|0.1107|0.16625|0.1348|0|319|2019-02-16T04:00:00Z
0.16688|0.11423|0.16688|0.13838|0|319|2019-02-16T04:00:00Z
0.16822|0.11749|0.16822|0.13905|0|319|2019-02-16T04:00:00Z
0.16811|0.11354|0.16811|0.13299|0|319|2019-02-16T04:00:00Z
0.16879|0.11554|0.16879|0.13389|0|319|2019-02-16T04:00:00Z
0.16938|0.11889|0.16938|0.13734|0|319|2019-02-16T04:00:00Z
0.16703|0.11129|0.16703|0.13305|0|319|2019-02-16T04:00:00Z
0.11687|0.05906|0.08469|0.07109|0|319|2019-02-16T04:00:00Z
0.17432|0|0.01556|-0.00636|0|818|2019-02-16T04:00:00Z
0.1753|0|0.01908|-0.00998|0|818|2019-02-16T04:00:00Z
0.17211|0|0.01536|-0.01366|0|818|2019-02-16T04:00:00Z
0.17313|0|0.01685|-0.01309|0|818|2019-02-16T04:00:00Z
0.17243|0.00382|0.01539|-0.00982|0|818|2019-02-16T04:00:00Z
0.1783|-0.0039|0.02301|-0.01015|0|823|2019-02-16T04:00:00Z
0.1734|-0.00812|0.01997|-0.02026|0|823|2019-02-16T04:00:00Z
0.17176|-0.00376|0.01533|-0.01762|0|823|2019-02-16T04:00:00Z
0.17111|-0.00645|0.01472|-0.01809|0|823|2019-02-16T04:00:00Z
0.17612|-0.00327|0.01572|-0.00327|0|823|2019-02-16T04:00:00Z
0.17657|-0.00386|0.01687|-0.00386|0|823|2019-02-16T04:00:00Z
0.17454|-0.00994|0.01699|-0.00994|0|823|2019-02-16T04:00:00Z
0.17358|-0.01106|0.016|-0.01106|0|823|2019-02-16T04:00:00Z
0.17291|-0.00923|0.01374|-0.00923|0|823|2019-02-16T04:00:00Z
0.17271|-0.00983|0.01374|-0.00983|0|823|2019-02-16T04:00:00Z
0.17331|-0.01085|0.01541|-0.01085|0|823|2019-02-16T04:00:00Z
0.16925|-0.0037|0.00698|-0.00964|0|823|2019-02-16T04:00:00Z
0.17316|0|0.01546|-0.01375|0|823|2019-02-16T04:00:00Z
0.17419|0|0.01696|-0.01317|0|823|2019-02-16T04:00:00Z
0.17265|0|0.01199|-0.00859|0|823|2019-02-16T04:00:00Z
0.1719|0|0.01128|-0.00979|0|823|2019-02-16T04:00:00Z
0.17513|-0.00371|0.01427|-0.00371|0|823|2019-02-16T04:00:00Z
0.17101|-0.00318|0.0089|-0.00743|0|823|2019-02-16T04:00:00Z
0.17101|-0.00319|0.0089|-0.00743|0|823|2019-02-16T04:00:00Z
0.17034|-0.01132|0.01521|-0.0097|0|811|2019-02-16T04:00:00Z
0.17314|-0.00379|0.01546|-0.00258|0|811|2019-02-16T04:00:00Z
-0.09374|0.02407|0.02654|0.02392|0.02348|661|2019-02-16T12:00:00Z
-0.15419|0.04803|0.02788|0.05336|0.04445|1009|2019-02-16T12:00:00Z
0.01556|0.24766|-0.01308|0.10693|-0.02365|867|2019-02-16T12:00:00Z
-0.0019|0.08059|0.00055|7e-05|0.01964|384|2019-02-16T12:00:00Z
0.01274|0.13808|-0.00907|0.08529|-0.17351|1116|2019-02-16T12:00:00Z
-0.01316|-0.1779|0.00932|-0.08768|0.1812|1232|2019-02-16T12:00:00Z
0.0044|-0.0795|-0.00259|0.01702|-0.02928|474|2019-02-16T12:00:00Z
0.01173|0.24182|-0.01022|0.08554|-0.01513|873|2019-02-16T12:00:00Z
-0.01374|0.13698|0.01216|-0.11433|0.09182|1581|2019-02-16T12:00:00Z
0.01567|-0.17921|-0.01389|0.13066|-0.10414|1304|2019-02-16T12:00:00Z
-0.01332|0.1134|0.01179|-0.11106|0.08921|1452|2019-02-16T12:00:00Z
-0.0044|0.0795|0.00259|-0.01702|0.02928|446|2019-02-16T12:00:00Z
0.0103|0.24546|-0.00855|0.06858|-0.01037|920|2019-02-16T12:00:00Z
-0.01427|-0.00741|0.01245|-0.11623|0.09791|1004|2019-02-16T12:00:00Z
0.01494|0.23078|-0.01214|0.10028|-0.0417|853|2019-02-16T12:00:00Z
-0.0119|-0.06579|-0.00672|-0.04196|-0.18432|554|2019-02-16T12:00:00Z
-0.00198|0.00972|-0.00514|0.00177|0.07752|306|2019-02-16T12:00:00Z
0.00336|0.21813|-0.00887|0.07929|0.20742|1167|2019-02-16T12:00:00Z
-0.01331|-0.11821|0.00497|-0.06458|0.29832|1163|2019-02-16T12:00:00Z
0|-1|0|0|0|6300|2019-02-16T12:00:00Z
-0.02728|0.10799|-0.07101|0.17607|0|820|2019-02-16T12:00:00Z
-0.09727|0|-0.15654|0.03559|0|820|2019-02-16T12:00:00Z
-0.09514|0|-0.15229|0.04304|0|820|2019-02-16T12:00:00Z
-0.09418|0|-0.15155|0.04334|0|820|2019-02-16T12:00:00Z
0.0303|0.08093|-0.03853|0.15532|0|820|2019-02-16T12:00:00Z
-0.08378|0|-0.14419|0.04508|0|820|2019-02-16T12:00:00Z
-0.08509|0|-0.14483|0.04562|0|820|2019-02-16T12:00:00Z
0.03788|0.0939|-0.02679|0.17736|0|820|2019-02-16T12:00:00Z
-0.0345|0.11099|-0.07568|0.17699|0|820|2019-02-16T12:00:00Z
0.04366|0.11619|-0.02163|0.18849|0|820|2019-02-16T12:00:00Z
0.042|0.07185|-0.04403|0.11873|0|820|2019-02-16T12:00:00Z
-0.07998|0|-0.1432|0.04133|0|820|2019-02-16T12:00:00Z
-0.08171|0|-0.14346|0.04354|0|820|2019-02-16T12:00:00Z
0.06864|0.09597|-0.01285|0.16299|0|820|2019-02-16T12:00:00Z
-0.0646|0.08493|-0.12539|0.09003|0|820|2019-02-16T12:00:00Z
0.00935|0.10858|-0.05514|0.15646|0|820|2019-02-16T12:00:00Z
-0.10304|-0.02003|-0.15746|0.01594|0|787|2019-02-16T12:00:00Z
-0.11516|-0.01268|-0.01376|-0.042|0|565|2019-02-16T12:00:00Z
-0.11298|-0.00567|-0.00484|-0.0222|0|565|2019-02-16T12:00:00Z
-0.11562|-0.01106|-0.01367|-0.04046|0|565|2019-02-16T12:00:00Z
-0.11893|-0.00781|-0.01273|-0.02648|0|565|2019-02-16T12:00:00Z
-0.11648|-0.01229|-0.01478|-0.04076|0|565|2019-02-16T12:00:00Z
-0.1152|-0.01215|-0.01362|-0.04151|0|565|2019-02-16T12:00:00Z
-0.11495|-0.01267|-0.01347|-0.0418|0|565|2019-02-16T12:00:00Z
-0.11431|-0.01206|-0.01218|-0.04|0|565|2019-02-16T12:00:00Z
-0.11074|-0.00689|-0.00396|-0.02691|0|565|2019-02-16T12:00:00Z
-0.11088|-0.0065|-0.00396|-0.02652|0|565|2019-02-16T12:00:00Z
-0.11459|-0.00801|-0.00823|-0.02706|0|565|2019-02-16T12:00:00Z
-0.11548|-0.01334|-0.01366|-0.04041|0|565|2019-02-16T12:00:00Z
-0.11084|-0.00731|-0.00396|-0.0265|0|565|2019-02-16T12:00:00Z
-0.11043|-0.00687|-0.00347|-0.02641|0|565|2019-02-16T12:00:00Z
-0.11112|-0.0058|-0.00294|-0.02253|0|565|2019-02-16T12:00:00Z
0.17206|-0.00384|0.01075|-0.01038|0|827|2019-02-16T12:00:00Z
0.17207|-0.0034|0.00978|-0.00847|0|827|2019-02-16T12:00:00Z
0.17539|-0.00391|0.01494|-0.00714|0|827|2019-02-16T12:00:00Z
0.1724|-0.00554|0.01424|-0.01585|0|827|2019-02-16T12:00:00Z
0.17415|-0.0075|0.01483|-0.01051|0|827|2019-02-16T12:00:00Z
0.17633|-0.00393|0.01833|-0.01064|0|827|2019-02-16T12:00:00Z
0.17327|-0.00387|0.01476|-0.01419|0|827|2019-02-16T12:00:00Z
0.17459|-0.00034|0.01487|-0.01053|0|827|2019-02-16T12:00:00Z
0.17404|-0.00547|0.01635|-0.01433|0|827|2019-02-16T12:00:00Z
-0.12022|-0.00122|0.00134|-0.00148|-0.00171|680|2019-02-16T23:00:00Z
0.00569|0.01539|0.00397|0.00811|0.08229|358|2019-02-16T23:00:00Z
-0.01569|-0.24913|0.01345|-0.10712|0.02348|1703|2019-02-16T23:00:00Z
0.01569|0.24913|-0.01345|0.10712|-0.02348|1142|2019-02-16T23:00:00Z
-0.00884|-0.17569|0.01422|-0.0836|0.18616|1469|2019-02-16T23:00:00Z
0.00859|0.13209|-0.01358|0.08067|-0.17669|1001|2019-02-16T23:00:00Z
0.00884|0.17569|-0.01422|0.0836|-0.18616|1258|2019-02-16T23:00:00Z
0.00184|-0.08248|-0.00558|0.01456|-0.03158|480|2019-02-16T23:00:00Z
0.01266|0.2442|-0.00955|0.08643|-0.01421|1098|2019-02-16T23:00:00Z
-0.01212|0.15292|0.01116|-0.0898|0.07055|1410|2019-02-16T23:00:00Z
-0.01677|0.16978|0.01203|-0.12855|0.09984|1801|2019-02-16T23:00:00Z
0.01677|-0.16978|-0.01203|0.12855|-0.09984|1428|2019-02-16T23:00:00Z
-0.00184|0.08248|0.00558|-0.01456|0.03158|476|2019-02-16T23:00:00Z
0.01019|0.24714|-0.00909|0.06879|-0.01061|1102|2019-02-16T23:00:00Z
-0.01318|0.01296|0.01016|-0.10162|0.08507|1119|2019-02-16T23:00:00Z
0.01403|0.23121|-0.01358|0.09939|-0.04225|1050|2019-02-16T23:00:00Z
0.00998|-0.04255|0.01712|-0.01928|-0.15988|752|2019-02-16T23:00:00Z
-0.05672|-0.02435|0.00945|-0.0535|-0.01699|558|2019-02-16T23:00:00Z
0.03048|0.24374|0.01898|0.10658|0.22727|1107|2019-02-16T23:00:00Z
-0.08303|-0.17874|-0.0248|-0.24771|-0.07536|2364|2019-02-16T23:00:00Z
0.08416|0.1813|0.02439|0.25133|0.07633|854|2019-02-16T23:00:00Z
0.00214|-0.10317|0.02146|-0.04895|0.30737|1253|2019-02-16T23:00:00Z
0.00413|-0.08697|0.0206|-0.04107|-0.17193|1013|2019-02-16T23:00:00Z
0|-1|0|0|0|6000|2019-02-16T23:00:00Z
0.17047|0|0.00732|-0.00953|0|827|2019-02-16T23:00:00Z
0.17743|0|0.01601|-0.00265|0|827|2019-02-16T23:00:00Z
0.17126|0|0.00716|-0.00646|0|827|2019-02-16T23:00:00Z
0.17947|0|0.02324|-0.01003|0|827|2019-02-16T23:00:00Z
0.17296|0|0.01561|-0.01745|0|827|2019-02-16T23:00:00Z
0.17361|0.00771|0.01567|-0.0097|0|827|2019-02-16T23:00:00Z
0.17072|-0.00254|0.00425|-0.00535|0|832|2019-02-16T23:00:00Z
0.16899|-0.00349|0.00336|-0.00944|0|832|2019-02-16T23:00:00Z
0.17264|-0.00357|0.01558|-0.0212|0|832|2019-02-16T23:00:00Z
0.18239|-0.00377|0.0271|-0.01019|0|832|2019-02-16T23:00:00Z
0.17415|-0.00622|0.01738|-0.01897|0|832|2019-02-16T23:00:00Z
0.17234|-0.00652|0.01433|-0.01911|0|832|2019-02-16T23:00:00Z
0.1761|-0.00134|0.01589|-0.00134|0|819|2019-02-16T23:00:00Z
0.17789|-0.00368|0.02043|-0.00368|0|819|2019-02-16T23:00:00Z
0.17138|-0.00294|0.00864|-0.00294|0|819|2019-02-16T23:00:00Z
0.1698|-0.00683|0.00823|-0.00683|0|819|2019-02-16T23:00:00Z
0.17465|-0.00361|0.01576|0.00119|0|819|2019-02-16T23:00:00Z
0.17581|-0.00983|0.02051|-0.00983|0|819|2019-02-16T23:00:00Z
0.16984|-0.00949|0.00991|-0.00949|0|819|2019-02-16T23:00:00Z
0.1724|-0.01224|0.01603|-0.01224|0|819|2019-02-16T23:00:00Z
0.17188|-0.01231|0.01516|-0.01231|0|819|2019-02-16T23:00:00Z
0.17047|-0.01486|0.01539|-0.00953|0|819|2019-02-16T23:00:00Z
-0.12021|-0.00122|0.00134|-0.00147|-0.00171|621|2019-02-17T04:00:00Z
-0.01562|-0.24921|0.01345|-0.1075|0.02395|1796|2019-02-17T04:00:00Z
0.01562|0.24921|-0.01345|0.1075|-0.02395|1049|2019-02-17T04:00:00Z
0.00053|0.08332|0.00334|0.00249|0.02184|387|2019-02-17T04:00:00Z
-0.00879|-0.17575|0.01422|-0.08405|0.18499|1545|2019-02-17T04:00:00Z
0.00854|0.13215|-0.01357|0.08111|-0.17558|950|2019-02-17T04:00:00Z
0.00879|0.17575|-0.01422|0.08405|-0.18499|1182|2019-02-17T04:00:00Z
0.00182|-0.08245|-0.00558|0.01438|-0.03153|529|2019-02-17T04:00:00Z
-0.01001|0.17585|0.01256|-0.0748|0.07357|1379|2019-02-17T04:00:00Z
0.01261|0.24426|-0.00955|0.08682|-0.01457|1002|2019-02-17T04:00:00Z
0.01671|-0.16972|-0.01204|0.12976|-0.09948|1176|2019-02-17T04:00:00Z
-0.00182|0.08245|0.00558|-0.01438|0.03153|426|2019-02-17T04:00:00Z
0.01015|0.2472|-0.0091|0.06899|-0.01097|1040|2019-02-17T04:00:00Z
-0.01313|0.01291|0.01016|-0.10235|0.08475|1139|2019-02-17T04:00:00Z
0.01397|0.23128|-0.01359|0.09973|-0.04184|976|2019-02-17T04:00:00Z
0.00988|-0.04239|0.01708|-0.0193|-0.16005|857|2019-02-17T04:00:00Z
0.03051|0.24367|0.019|0.10704|0.22749|1068|2019-02-17T04:00:00Z
-0.08415|-0.1813|-0.02439|-0.25055|-0.07616|2106|2019-02-17T04:00:00Z
0.08415|0.1813|0.02439|0.25055|0.07616|1155|2019-02-17T04:00:00Z
0.00218|-0.10323|0.02144|-0.04918|0.25656|1401|2019-02-17T04:00:00Z
0.01043|0.07263|0.00609|0.03529|0.23507|973|2019-02-17T04:00:00Z
0|-1|0|0|0|6300|2019-02-17T04:00:00Z
-0.03963|-0.00757|0.02637|-0.03704|0|433|2019-02-17T04:00:00Z
-0.03945|-0.00732|0.02665|-0.03631|0|433|2019-02-17T04:00:00Z
-0.03973|-0.00705|0.02642|-0.03656|0|433|2019-02-17T04:00:00Z
-0.04061|-0.00719|0.02595|-0.03579|0|433|2019-02-17T04:00:00Z
-0.03971|-0.0077|0.02641|-0.03654|0|433|2019-02-17T04:00:00Z
-0.03912|-0.00748|0.02674|-0.03698|0|433|2019-02-17T04:00:00Z
-0.04076|-0.00759|0.02552|-0.03728|0|433|2019-02-17T04:00:00Z
0.17704|0|0.01596|-0.00381|0|827|2019-02-17T04:00:00Z
0.17118|0|0.00864|-0.00957|0|827|2019-02-17T04:00:00Z
0.17874|0|0.022|-0.00999|0|827|2019-02-17T04:00:00Z
0.17329|0|0.01562|-0.01623|0|827|2019-02-17T04:00:00Z
0.17383|0.00648|0.01567|-0.00972|0|827|2019-02-17T04:00:00Z
0.16968|-0.00352|0.00464|-0.00949|0|832|2019-02-17T04:00:00Z
0.17296|-0.00359|0.01559|-0.02|0|832|2019-02-17T04:00:00Z
0.18165|-0.00377|0.02584|-0.01015|0|832|2019-02-17T04:00:00Z
0.17224|-0.00658|0.01427|-0.01923|0|832|2019-02-17T04:00:00Z
0.17413|-0.00621|0.01734|-0.01888|0|832|2019-02-17T04:00:00Z
0.17055|-0.00953|0.01122|-0.00953|0|819|2019-02-17T04:00:00Z
0.17719|-0.00367|0.01924|-0.00367|0|819|2019-02-17T04:00:00Z
0.17292|-0.00359|0.01175|-0.00359|0|819|2019-02-17T04:00:00Z
0.17585|-0.00192|0.01585|-0.00192|0|819|2019-02-17T04:00:00Z
0.17476|-0.00362|0.01576|-3e-05|0|819|2019-02-17T04:00:00Z
0.17512|-0.00979|0.01933|-0.00979|0|819|2019-02-17T04:00:00Z
0.17205|-0.01185|0.01522|-0.01185|0|819|2019-02-17T04:00:00Z
0.17249|-0.01177|0.01593|-0.01177|0|819|2019-02-17T04:00:00Z
0.17104|-0.01366|0.01542|-0.00956|0|819|2019-02-17T04:00:00Z
-0.09584|0.02337|0.02605|0.02314|0.02284|752|2019-02-17T12:00:00Z
-0.08976|0.01571|0.01792|-0.00341|0.02247|642|2019-02-17T12:00:00Z
-0.01539|-0.24904|0.01334|-0.10714|0.02275|2100|2019-02-17T12:00:00Z
0.01539|0.24904|-0.01334|0.10714|-0.02275|745|2019-02-17T12:00:00Z
0.00188|-0.0809|-0.00078|-4e-05|-0.01959|528|2019-02-17T12:00:00Z
0.01256|0.13633|-0.00966|0.08521|-0.17413|861|2019-02-17T12:00:00Z
-0.01303|-0.17769|0.00999|-0.08802|0.1821|1522|2019-02-17T12:00:00Z
0.00434|-0.07991|-0.00287|0.01693|-0.02908|443|2019-02-17T12:00:00Z
-0.01245|0.15238|0.01068|-0.09064|0.07013|1587|2019-02-17T12:00:00Z
0.01299|-0.15438|-0.01161|0.1061|-0.08922|942|2019-02-17T12:00:00Z
0.01513|-0.17119|-0.01375|0.12798|-0.10168|1053|2019-02-17T12:00:00Z
-0.00434|0.07991|0.00287|-0.01693|0.02908|471|2019-02-17T12:00:00Z
0.01021|0.2473|-0.00876|0.06897|-0.00982|806|2019-02-17T12:00:00Z
-0.01233|0.01361|0.01104|-0.10142|0.08611|1229|2019-02-17T12:00:00Z
0.01478|0.23218|-0.01249|0.10047|-0.03853|684|2019-02-17T12:00:00Z
-0.01145|-0.06374|-0.00532|-0.04073|-0.18831|886|2019-02-17T12:00:00Z
-0.02166|0.01053|0.04466|-0.0188|0.01783|576|2019-02-17T12:00:00Z
0.0032|0.21686|-0.00568|0.07864|0.20428|996|2019-02-17T12:00:00Z
-0.02127|-0.11709|0.0432|-0.18548|-0.01451|2514|2019-02-17T12:00:00Z
-0.0216|-0.11885|0.04447|-0.1883|-0.01471|2558|2019-02-17T12:00:00Z
0.00039|0.06246|-0.00345|0.02484|0.22361|730|2019-02-17T12:00:00Z
0|-1|0|0|0|6500|2019-02-17T12:00:00Z
-0.01391|0.10981|-0.07455|0.16425|0|876|2019-02-17T12:00:00Z
0.02506|0.10326|-0.04504|0.17355|0|876|2019-02-17T12:00:00Z
0.0253|0.11411|-0.03999|0.18978|0|876|2019-02-17T12:00:00Z
0.00849|0.1117|-0.05684|0.17342|0|876|2019-02-17T12:00:00Z
-0.00853|0.11008|-0.06402|0.18257|0|876|2019-02-17T12:00:00Z
-0.01304|0.11001|-0.0739|0.16457|0|876|2019-02-17T12:00:00Z
-0.04852|0.04782|-0.1111|0.10675|0|876|2019-02-17T12:00:00Z
-0.03936|0.0988|-0.10224|0.13137|0|876|2019-02-17T12:00:00Z
0.02392|0.09252|-0.05184|0.15433|0|876|2019-02-17T12:00:00Z
-0.00988|0.11033|-0.06533|0.18153|0|876|2019-02-17T12:00:00Z
0.02206|0.10312|-0.0433|0.18296|0|876|2019-02-17T12:00:00Z
0.02613|0.11504|-0.03937|0.19031|0|876|2019-02-17T12:00:00Z
-0.01419|0.11206|-0.07608|0.16762|0|894|2019-02-17T12:00:00Z
-0.04016|0.10082|-0.10434|0.13406|0|894|2019-02-17T12:00:00Z
0.16895|0|0.00347|-0.00958|0|830|2019-02-17T12:00:00Z
0.17228|0|0.01462|-0.0203|0|830|2019-02-17T12:00:00Z
0.17154|0|0.01296|-0.01958|0|830|2019-02-17T12:00:00Z
0.17833|0|0.01513|-0.00018|0|830|2019-02-17T12:00:00Z
0.17049|0|0.00426|-0.00578|0|830|2019-02-17T12:00:00Z
0.18112|0|0.02502|-0.01027|0|830|2019-02-17T12:00:00Z
0.17315|0.01045|0.01469|-0.00982|0|830|2019-02-17T12:00:00Z
0.17016|-0.00246|0.00171|-0.00479|0|835|2019-02-17T12:00:00Z
0.17195|-0.00365|0.01459|-0.02413|0|835|2019-02-17T12:00:00Z
0.18416|-0.00391|0.02905|-0.01044|0|835|2019-02-17T12:00:00Z
0.1681|-0.0033|0|-0.0084|0|835|2019-02-17T12:00:00Z
0.16779|-0.0031|0|-0.00951|0|835|2019-02-17T12:00:00Z
0.16751|-0.00382|0|-0.01035|0|835|2019-02-17T12:00:00Z
0.16773|-0.00404|0|-0.00951|0|835|2019-02-17T12:00:00Z
0.18016|-0.01021|0.02263|-0.01021|0|835|2019-02-17T12:00:00Z
0.17134|-0.00597|0.00471|-0.00597|0|835|2019-02-17T12:00:00Z
0.17084|-0.00969|0.00609|-0.00969|0|835|2019-02-17T12:00:00Z
0.18232|-0.00387|0.02257|-0.00387|0|835|2019-02-17T12:00:00Z
0.17259|-0.00279|0.00498|-0.00279|0|835|2019-02-17T12:00:00Z
0.1726|-0.00279|0.00499|-0.00279|0|835|2019-02-17T12:00:00Z
0.17941|-9e-05|0.01522|-9e-05|0|835|2019-02-17T12:00:00Z
0.17328|-0.01543|0.0138|-0.01543|0|835|2019-02-17T12:00:00Z
0.17453|-0.01473|0.01555|-0.01473|0|835|2019-02-17T12:00:00Z
0.16831|-0.00959|0.01118|-0.02875|0|835|2019-02-17T12:00:00Z
0.17281|-0.008|0.01702|-0.02509|0|835|2019-02-17T12:00:00Z
0.17443|-0.0037|0.0148|0.00388|0|823|2019-02-17T12:00:00Z
0.16924|-0.01777|0.01436|-0.0096|0|823|2019-02-17T12:00:00Z
0.15983|-0.00339|-0.00054|-0.00906|0|799|2019-02-17T12:00:00Z
